"","long","lat","order","hole","piece","id","group"
"1",-72.679412,41.386846,1,FALSE,"1","12003","12003.1"
"2",-72.679289,41.390219,2,FALSE,"1","12003","12003.1"
"3",-72.679281,41.390484,3,FALSE,"1","12003","12003.1"
"4",-72.679259,41.391282,4,FALSE,"1","12003","12003.1"
"5",-72.679252,41.391549,5,FALSE,"1","12003","12003.1"
"6",-72.679261,41.392521,6,FALSE,"1","12003","12003.1"
"7",-72.679289,41.395437,7,FALSE,"1","12003","12003.1"
"8",-72.679299,41.39641,8,FALSE,"1","12003","12003.1"
"9",-72.679277,41.397621,9,FALSE,"1","12003","12003.1"
"10",-72.679213,41.401258,10,FALSE,"1","12003","12003.1"
"11",-72.679192,41.40247,11,FALSE,"1","12003","12003.1"
"12",-72.679171,41.404214,12,FALSE,"1","12003","12003.1"
"13",-72.679143,41.406508,13,FALSE,"1","12003","12003.1"
"14",-72.67913,41.407624,14,FALSE,"1","12003","12003.1"
"15",-72.679104,41.409772,15,FALSE,"1","12003","12003.1"
"16",-72.679096,41.410425,16,FALSE,"1","12003","12003.1"
"17",-72.67903,41.415952,17,FALSE,"1","12003","12003.1"
"18",-72.678997,41.418625,18,FALSE,"1","12003","12003.1"
"19",-72.678997,41.418688,19,FALSE,"1","12003","12003.1"
"20",-72.678949,41.422664,20,FALSE,"1","12003","12003.1"
"21",-72.678936,41.423372,21,FALSE,"1","12003","12003.1"
"22",-72.678907,41.42489,22,FALSE,"1","12003","12003.1"
"23",-72.678799,41.43059,23,FALSE,"1","12003","12003.1"
"24",-72.67878,41.43157,24,FALSE,"1","12003","12003.1"
"25",-72.678739,41.433797,25,FALSE,"1","12003","12003.1"
"26",-72.677124,41.434127,26,FALSE,"1","12003","12003.1"
"27",-72.673715,41.434825,27,FALSE,"1","12003","12003.1"
"28",-72.672478,41.435078,28,FALSE,"1","12003","12003.1"
"29",-72.672282,41.435118,29,FALSE,"1","12003","12003.1"
"30",-72.671928,41.435191,30,FALSE,"1","12003","12003.1"
"31",-72.671092,41.435364,31,FALSE,"1","12003","12003.1"
"32",-72.670835,41.435398,32,FALSE,"1","12003","12003.1"
"33",-72.670662,41.435407,33,FALSE,"1","12003","12003.1"
"34",-72.670231,41.435426,34,FALSE,"1","12003","12003.1"
"35",-72.66894,41.435482,35,FALSE,"1","12003","12003.1"
"36",-72.66851,41.435501,36,FALSE,"1","12003","12003.1"
"37",-72.668401,41.435514,37,FALSE,"1","12003","12003.1"
"38",-72.668036,41.435558,38,FALSE,"1","12003","12003.1"
"39",-72.667918,41.435573,39,FALSE,"1","12003","12003.1"
"40",-72.666833,41.435694,40,FALSE,"1","12003","12003.1"
"41",-72.665055,41.436054,41,FALSE,"1","12003","12003.1"
"42",-72.658436,41.437396,42,FALSE,"1","12003","12003.1"
"43",-72.656513,41.437786,43,FALSE,"1","12003","12003.1"
"44",-72.654193,41.438256,44,FALSE,"1","12003","12003.1"
"45",-72.653672,41.438125,45,FALSE,"1","12003","12003.1"
"46",-72.653651,41.437921,46,FALSE,"1","12003","12003.1"
"47",-72.65379,41.437384,47,FALSE,"1","12003","12003.1"
"48",-72.65384,41.437335,48,FALSE,"1","12003","12003.1"
"49",-72.654052,41.437268,49,FALSE,"1","12003","12003.1"
"50",-72.654095,41.437206,50,FALSE,"1","12003","12003.1"
"51",-72.654059,41.437092,51,FALSE,"1","12003","12003.1"
"52",-72.654002,41.437047,52,FALSE,"1","12003","12003.1"
"53",-72.653972,41.437023,53,FALSE,"1","12003","12003.1"
"54",-72.654016,41.436925,54,FALSE,"1","12003","12003.1"
"55",-72.654176,41.436797,55,FALSE,"1","12003","12003.1"
"56",-72.654366,41.436698,56,FALSE,"1","12003","12003.1"
"57",-72.654548,41.436562,57,FALSE,"1","12003","12003.1"
"58",-72.654577,41.436414,58,FALSE,"1","12003","12003.1"
"59",-72.654563,41.43626,59,FALSE,"1","12003","12003.1"
"60",-72.654461,41.436105,60,FALSE,"1","12003","12003.1"
"61",-72.65398,41.435695,61,FALSE,"1","12003","12003.1"
"62",-72.653557,41.435438,62,FALSE,"1","12003","12003.1"
"63",-72.653389,41.435277,63,FALSE,"1","12003","12003.1"
"64",-72.653265,41.435108,64,FALSE,"1","12003","12003.1"
"65",-72.653018,41.434914,65,FALSE,"1","12003","12003.1"
"66",-72.652661,41.434695,66,FALSE,"1","12003","12003.1"
"67",-72.652522,41.434647,67,FALSE,"1","12003","12003.1"
"68",-72.652215,41.434528,68,FALSE,"1","12003","12003.1"
"69",-72.652136,41.434549,69,FALSE,"1","12003","12003.1"
"70",-72.652062,41.43457,70,FALSE,"1","12003","12003.1"
"71",-72.651917,41.434666,71,FALSE,"1","12003","12003.1"
"72",-72.651661,41.434864,72,FALSE,"1","12003","12003.1"
"73",-72.651413,41.434908,73,FALSE,"1","12003","12003.1"
"74",-72.651216,41.434909,74,FALSE,"1","12003","12003.1"
"75",-72.65107,41.434973,75,FALSE,"1","12003","12003.1"
"76",-72.651033,41.435004,76,FALSE,"1","12003","12003.1"
"77",-72.650947,41.435034,77,FALSE,"1","12003","12003.1"
"78",-72.650908,41.435031,78,FALSE,"1","12003","12003.1"
"79",-72.650889,41.435033,79,FALSE,"1","12003","12003.1"
"80",-72.650873,41.435028,80,FALSE,"1","12003","12003.1"
"81",-72.650741,41.435111,81,FALSE,"1","12003","12003.1"
"82",-72.650559,41.435355,82,FALSE,"1","12003","12003.1"
"83",-72.650457,41.435424,83,FALSE,"1","12003","12003.1"
"84",-72.650268,41.435485,84,FALSE,"1","12003","12003.1"
"85",-72.650209,41.435505,85,FALSE,"1","12003","12003.1"
"86",-72.649801,41.4356,86,FALSE,"1","12003","12003.1"
"87",-72.649625,41.435583,87,FALSE,"1","12003","12003.1"
"88",-72.649516,41.435554,88,FALSE,"1","12003","12003.1"
"89",-72.64929,41.435612,89,FALSE,"1","12003","12003.1"
"90",-72.649086,41.43555,90,FALSE,"1","12003","12003.1"
"91",-72.648874,41.435397,91,FALSE,"1","12003","12003.1"
"92",-72.648641,41.435392,92,FALSE,"1","12003","12003.1"
"93",-72.648363,41.435148,93,FALSE,"1","12003","12003.1"
"94",-72.648419,41.435036,94,FALSE,"1","12003","12003.1"
"95",-72.648485,41.434938,95,FALSE,"1","12003","12003.1"
"96",-72.648528,41.434881,96,FALSE,"1","12003","12003.1"
"97",-72.648583,41.43481,97,FALSE,"1","12003","12003.1"
"98",-72.648642,41.434757,98,FALSE,"1","12003","12003.1"
"99",-72.648643,41.434604,99,FALSE,"1","12003","12003.1"
"100",-72.6486,41.434535,100,FALSE,"1","12003","12003.1"
"101",-72.648534,41.434457,101,FALSE,"1","12003","12003.1"
"102",-72.648462,41.434388,102,FALSE,"1","12003","12003.1"
"103",-72.648441,41.434334,103,FALSE,"1","12003","12003.1"
"104",-72.648441,41.434266,104,FALSE,"1","12003","12003.1"
"105",-72.648431,41.434199,105,FALSE,"1","12003","12003.1"
"106",-72.648475,41.434096,106,FALSE,"1","12003","12003.1"
"107",-72.648481,41.433646,107,FALSE,"1","12003","12003.1"
"108",-72.648496,41.433592,108,FALSE,"1","12003","12003.1"
"109",-72.648605,41.433108,109,FALSE,"1","12003","12003.1"
"110",-72.648833,41.432568,110,FALSE,"1","12003","12003.1"
"111",-72.648979,41.432319,111,FALSE,"1","12003","12003.1"
"112",-72.64911,41.43224,112,FALSE,"1","12003","12003.1"
"113",-72.649555,41.432029,113,FALSE,"1","12003","12003.1"
"114",-72.649621,41.431953,114,FALSE,"1","12003","12003.1"
"115",-72.649652,41.431621,115,FALSE,"1","12003","12003.1"
"116",-72.649664,41.431495,116,FALSE,"1","12003","12003.1"
"117",-72.649693,41.431297,117,FALSE,"1","12003","12003.1"
"118",-72.649621,41.431269,118,FALSE,"1","12003","12003.1"
"119",-72.649556,41.431254,119,FALSE,"1","12003","12003.1"
"120",-72.649547,41.431168,120,FALSE,"1","12003","12003.1"
"121",-72.649591,41.431007,121,FALSE,"1","12003","12003.1"
"122",-72.649504,41.430924,122,FALSE,"1","12003","12003.1"
"123",-72.648498,41.430917,123,FALSE,"1","12003","12003.1"
"124",-72.648214,41.430911,124,FALSE,"1","12003","12003.1"
"125",-72.64755,41.431037,125,FALSE,"1","12003","12003.1"
"126",-72.647374,41.431074,126,FALSE,"1","12003","12003.1"
"127",-72.647076,41.431059,127,FALSE,"1","12003","12003.1"
"128",-72.646843,41.431153,128,FALSE,"1","12003","12003.1"
"129",-72.646719,41.431047,129,FALSE,"1","12003","12003.1"
"130",-72.646587,41.431072,130,FALSE,"1","12003","12003.1"
"131",-72.6465,41.431097,131,FALSE,"1","12003","12003.1"
"132",-72.646383,41.431054,132,FALSE,"1","12003","12003.1"
"133",-72.646289,41.431061,133,FALSE,"1","12003","12003.1"
"134",-72.646134,41.431125,134,FALSE,"1","12003","12003.1"
"135",-72.64604,41.431042,135,FALSE,"1","12003","12003.1"
"136",-72.64593,41.430959,136,FALSE,"1","12003","12003.1"
"137",-72.645589,41.430934,137,FALSE,"1","12003","12003.1"
"138",-72.645507,41.430865,138,FALSE,"1","12003","12003.1"
"139",-72.645442,41.430738,139,FALSE,"1","12003","12003.1"
"140",-72.645406,41.430615,140,FALSE,"1","12003","12003.1"
"141",-72.64529,41.430559,141,FALSE,"1","12003","12003.1"
"142",-72.644925,41.430556,142,FALSE,"1","12003","12003.1"
"143",-72.644663,41.430577,143,FALSE,"1","12003","12003.1"
"144",-72.644458,41.43051,144,FALSE,"1","12003","12003.1"
"145",-72.644174,41.43023,145,FALSE,"1","12003","12003.1"
"146",-72.643934,41.430076,146,FALSE,"1","12003","12003.1"
"147",-72.643525,41.430023,147,FALSE,"1","12003","12003.1"
"148",-72.643263,41.429819,148,FALSE,"1","12003","12003.1"
"149",-72.642993,41.429688,149,FALSE,"1","12003","12003.1"
"150",-72.642804,41.429553,150,FALSE,"1","12003","12003.1"
"151",-72.642351,41.429323,151,FALSE,"1","12003","12003.1"
"152",-72.642257,41.429236,152,FALSE,"1","12003","12003.1"
"153",-72.642265,41.429141,153,FALSE,"1","12003","12003.1"
"154",-72.642308,41.429088,154,FALSE,"1","12003","12003.1"
"155",-72.642475,41.429039,155,FALSE,"1","12003","12003.1"
"156",-72.642599,41.429004,156,FALSE,"1","12003","12003.1"
"157",-72.642928,41.428817,157,FALSE,"1","12003","12003.1"
"158",-72.643008,41.428675,158,FALSE,"1","12003","12003.1"
"159",-72.643016,41.42845,159,FALSE,"1","12003","12003.1"
"160",-72.643133,41.428303,160,FALSE,"1","12003","12003.1"
"161",-72.643439,41.428035,161,FALSE,"1","12003","12003.1"
"162",-72.643702,41.427613,162,FALSE,"1","12003","12003.1"
"163",-72.643907,41.427455,163,FALSE,"1","12003","12003.1"
"164",-72.64398,41.427191,164,FALSE,"1","12003","12003.1"
"165",-72.644111,41.427067,165,FALSE,"1","12003","12003.1"
"166",-72.644344,41.426919,166,FALSE,"1","12003","12003.1"
"167",-72.644377,41.426885,167,FALSE,"1","12003","12003.1"
"168",-72.644396,41.426844,168,FALSE,"1","12003","12003.1"
"169",-72.644429,41.426832,169,FALSE,"1","12003","12003.1"
"170",-72.64448,41.42678,170,FALSE,"1","12003","12003.1"
"171",-72.644505,41.426755,171,FALSE,"1","12003","12003.1"
"172",-72.645044,41.426253,172,FALSE,"1","12003","12003.1"
"173",-72.645118,41.426079,173,FALSE,"1","12003","12003.1"
"174",-72.645147,41.42589,174,FALSE,"1","12003","12003.1"
"175",-72.645184,41.425806,175,FALSE,"1","12003","12003.1"
"176",-72.645425,41.425576,176,FALSE,"1","12003","12003.1"
"177",-72.645519,41.42543,177,FALSE,"1","12003","12003.1"
"178",-72.645994,41.42494,178,FALSE,"1","12003","12003.1"
"179",-72.646264,41.424711,179,FALSE,"1","12003","12003.1"
"180",-72.646643,41.424475,180,FALSE,"1","12003","12003.1"
"181",-72.646716,41.424369,181,FALSE,"1","12003","12003.1"
"182",-72.646804,41.42415,182,FALSE,"1","12003","12003.1"
"183",-72.646928,41.42404,183,FALSE,"1","12003","12003.1"
"184",-72.647292,41.423759,184,FALSE,"1","12003","12003.1"
"185",-72.647942,41.422966,185,FALSE,"1","12003","12003.1"
"186",-72.648138,41.422822,186,FALSE,"1","12003","12003.1"
"187",-72.648226,41.422657,187,FALSE,"1","12003","12003.1"
"188",-72.648314,41.42251,188,FALSE,"1","12003","12003.1"
"189",-72.648514,41.422321,189,FALSE,"1","12003","12003.1"
"190",-72.648554,41.422285,190,FALSE,"1","12003","12003.1"
"191",-72.648789,41.421998,191,FALSE,"1","12003","12003.1"
"192",-72.64897,41.421564,192,FALSE,"1","12003","12003.1"
"193",-72.649123,41.421176,193,FALSE,"1","12003","12003.1"
"194",-72.649336,41.420806,194,FALSE,"1","12003","12003.1"
"195",-72.649548,41.420315,195,FALSE,"1","12003","12003.1"
"196",-72.649818,41.41992,196,FALSE,"1","12003","12003.1"
"197",-72.650168,41.419621,197,FALSE,"1","12003","12003.1"
"198",-72.650446,41.419271,198,FALSE,"1","12003","12003.1"
"199",-72.650482,41.419119,199,FALSE,"1","12003","12003.1"
"200",-72.650416,41.418964,200,FALSE,"1","12003","12003.1"
"201",-72.650314,41.418854,201,FALSE,"1","12003","12003.1"
"202",-72.650139,41.418783,202,FALSE,"1","12003","12003.1"
"203",-72.650088,41.418719,203,FALSE,"1","12003","12003.1"
"204",-72.650045,41.418646,204,FALSE,"1","12003","12003.1"
"205",-72.649804,41.41856,205,FALSE,"1","12003","12003.1"
"206",-72.649739,41.418387,206,FALSE,"1","12003","12003.1"
"207",-72.649695,41.418202,207,FALSE,"1","12003","12003.1"
"208",-72.64952,41.417964,208,FALSE,"1","12003","12003.1"
"209",-72.649397,41.417547,209,FALSE,"1","12003","12003.1"
"210",-72.649214,41.417345,210,FALSE,"1","12003","12003.1"
"211",-72.649067,41.417383,211,FALSE,"1","12003","12003.1"
"212",-72.649003,41.417418,212,FALSE,"1","12003","12003.1"
"213",-72.648696,41.417447,213,FALSE,"1","12003","12003.1"
"214",-72.648485,41.417434,214,FALSE,"1","12003","12003.1"
"215",-72.648172,41.417356,215,FALSE,"1","12003","12003.1"
"216",-72.647814,41.417195,216,FALSE,"1","12003","12003.1"
"217",-72.647551,41.417041,217,FALSE,"1","12003","12003.1"
"218",-72.647406,41.416962,218,FALSE,"1","12003","12003.1"
"219",-72.647195,41.41675,219,FALSE,"1","12003","12003.1"
"220",-72.646926,41.416411,220,FALSE,"1","12003","12003.1"
"221",-72.64694,41.416349,221,FALSE,"1","12003","12003.1"
"222",-72.647035,41.416229,222,FALSE,"1","12003","12003.1"
"223",-72.647042,41.416103,223,FALSE,"1","12003","12003.1"
"224",-72.64699,41.415922,224,FALSE,"1","12003","12003.1"
"225",-72.646875,41.415744,225,FALSE,"1","12003","12003.1"
"226",-72.646379,41.415864,226,FALSE,"1","12003","12003.1"
"227",-72.64608,41.415944,227,FALSE,"1","12003","12003.1"
"228",-72.64586,41.415926,228,FALSE,"1","12003","12003.1"
"229",-72.645789,41.415861,229,FALSE,"1","12003","12003.1"
"230",-72.64562,41.41584,230,FALSE,"1","12003","12003.1"
"231",-72.645322,41.415865,231,FALSE,"1","12003","12003.1"
"232",-72.645168,41.415848,232,FALSE,"1","12003","12003.1"
"233",-72.645073,41.415802,233,FALSE,"1","12003","12003.1"
"234",-72.644986,41.415674,234,FALSE,"1","12003","12003.1"
"235",-72.64492,41.415537,235,FALSE,"1","12003","12003.1"
"236",-72.644862,41.41532,236,FALSE,"1","12003","12003.1"
"237",-72.64481,41.415262,237,FALSE,"1","12003","12003.1"
"238",-72.64476,41.415205,238,FALSE,"1","12003","12003.1"
"239",-72.64468,41.415181,239,FALSE,"1","12003","12003.1"
"240",-72.644534,41.41521,240,FALSE,"1","12003","12003.1"
"241",-72.644381,41.415224,241,FALSE,"1","12003","12003.1"
"242",-72.643973,41.415153,242,FALSE,"1","12003","12003.1"
"243",-72.643674,41.415016,243,FALSE,"1","12003","12003.1"
"244",-72.643063,41.414653,244,FALSE,"1","12003","12003.1"
"245",-72.642611,41.414373,245,FALSE,"1","12003","12003.1"
"246",-72.641634,41.413736,246,FALSE,"1","12003","12003.1"
"247",-72.64135,41.413568,247,FALSE,"1","12003","12003.1"
"248",-72.641124,41.413482,248,FALSE,"1","12003","12003.1"
"249",-72.640614,41.413391,249,FALSE,"1","12003","12003.1"
"250",-72.64011,41.413241,250,FALSE,"1","12003","12003.1"
"251",-72.63936,41.412973,251,FALSE,"1","12003","12003.1"
"252",-72.63904,41.412814,252,FALSE,"1","12003","12003.1"
"253",-72.63885,41.412711,253,FALSE,"1","12003","12003.1"
"254",-72.638754,41.412681,254,FALSE,"1","12003","12003.1"
"255",-72.638521,41.412609,255,FALSE,"1","12003","12003.1"
"256",-72.638325,41.412466,256,FALSE,"1","12003","12003.1"
"257",-72.638135,41.412444,257,FALSE,"1","12003","12003.1"
"258",-72.637801,41.41232,258,FALSE,"1","12003","12003.1"
"259",-72.637531,41.412422,259,FALSE,"1","12003","12003.1"
"260",-72.636983,41.412735,260,FALSE,"1","12003","12003.1"
"261",-72.636801,41.412732,261,FALSE,"1","12003","12003.1"
"262",-72.636239,41.412554,262,FALSE,"1","12003","12003.1"
"263",-72.635788,41.412504,263,FALSE,"1","12003","12003.1"
"264",-72.635255,41.412421,264,FALSE,"1","12003","12003.1"
"265",-72.634534,41.412217,265,FALSE,"1","12003","12003.1"
"266",-72.634243,41.412197,266,FALSE,"1","12003","12003.1"
"267",-72.634104,41.41223,267,FALSE,"1","12003","12003.1"
"268",-72.634074,41.412257,268,FALSE,"1","12003","12003.1"
"269",-72.633804,41.412386,269,FALSE,"1","12003","12003.1"
"270",-72.633659,41.412464,270,FALSE,"1","12003","12003.1"
"271",-72.633593,41.412477,271,FALSE,"1","12003","12003.1"
"272",-72.633323,41.412467,272,FALSE,"1","12003","12003.1"
"273",-72.632967,41.412513,273,FALSE,"1","12003","12003.1"
"274",-72.632877,41.4125,274,FALSE,"1","12003","12003.1"
"275",-72.632838,41.412495,275,FALSE,"1","12003","12003.1"
"276",-72.632639,41.412466,276,FALSE,"1","12003","12003.1"
"277",-72.63258,41.412437,277,FALSE,"1","12003","12003.1"
"278",-72.632325,41.412315,278,FALSE,"1","12003","12003.1"
"279",-72.632033,41.412138,279,FALSE,"1","12003","12003.1"
"280",-72.631911,41.412012,280,FALSE,"1","12003","12003.1"
"281",-72.631727,41.411821,281,FALSE,"1","12003","12003.1"
"282",-72.631604,41.411621,282,FALSE,"1","12003","12003.1"
"283",-72.631575,41.411377,283,FALSE,"1","12003","12003.1"
"284",-72.631656,41.411167,284,FALSE,"1","12003","12003.1"
"285",-72.632078,41.410851,285,FALSE,"1","12003","12003.1"
"286",-72.632362,41.410681,286,FALSE,"1","12003","12003.1"
"287",-72.632516,41.41045,287,FALSE,"1","12003","12003.1"
"288",-72.632612,41.410065,288,FALSE,"1","12003","12003.1"
"289",-72.632651,41.409571,289,FALSE,"1","12003","12003.1"
"290",-72.632655,41.40953,290,FALSE,"1","12003","12003.1"
"291",-72.632619,41.409457,291,FALSE,"1","12003","12003.1"
"292",-72.632539,41.409393,292,FALSE,"1","12003","12003.1"
"293",-72.632218,41.409287,293,FALSE,"1","12003","12003.1"
"294",-72.632116,41.409186,294,FALSE,"1","12003","12003.1"
"295",-72.632116,41.40906,295,FALSE,"1","12003","12003.1"
"296",-72.632203,41.40894,296,FALSE,"1","12003","12003.1"
"297",-72.632321,41.408834,297,FALSE,"1","12003","12003.1"
"298",-72.632349,41.408745,298,FALSE,"1","12003","12003.1"
"299",-72.632232,41.40854,299,FALSE,"1","12003","12003.1"
"300",-72.632233,41.408418,300,FALSE,"1","12003","12003.1"
"301",-72.632335,41.40829,301,FALSE,"1","12003","12003.1"
"302",-72.63232,41.408163,302,FALSE,"1","12003","12003.1"
"303",-72.632269,41.408122,303,FALSE,"1","12003","12003.1"
"304",-72.632008,41.408044,304,FALSE,"1","12003","12003.1"
"305",-72.631767,41.407913,305,FALSE,"1","12003","12003.1"
"306",-72.631505,41.407705,306,FALSE,"1","12003","12003.1"
"307",-72.631265,41.407394,307,FALSE,"1","12003","12003.1"
"308",-72.630587,41.406943,308,FALSE,"1","12003","12003.1"
"309",-72.630441,41.406756,309,FALSE,"1","12003","12003.1"
"310",-72.630426,41.40662,310,FALSE,"1","12003","12003.1"
"311",-72.63055,41.406393,311,FALSE,"1","12003","12003.1"
"312",-72.630689,41.406211,312,FALSE,"1","12003","12003.1"
"313",-72.630762,41.405956,313,FALSE,"1","12003","12003.1"
"314",-72.630749,41.405154,314,FALSE,"1","12003","12003.1"
"315",-72.630698,41.40491,315,FALSE,"1","12003","12003.1"
"316",-72.630719,41.404829,316,FALSE,"1","12003","12003.1"
"317",-72.630866,41.404612,317,FALSE,"1","12003","12003.1"
"318",-72.630837,41.404458,318,FALSE,"1","12003","12003.1"
"319",-72.630742,41.404226,319,FALSE,"1","12003","12003.1"
"320",-72.630735,41.403983,320,FALSE,"1","12003","12003.1"
"321",-72.630838,41.403796,321,FALSE,"1","12003","12003.1"
"322",-72.63083,41.403589,322,FALSE,"1","12003","12003.1"
"323",-72.630545,41.403097,323,FALSE,"1","12003","12003.1"
"324",-72.630415,41.402873,324,FALSE,"1","12003","12003.1"
"325",-72.630284,41.402677,325,FALSE,"1","12003","12003.1"
"326",-72.630022,41.402428,326,FALSE,"1","12003","12003.1"
"327",-72.629847,41.402231,327,FALSE,"1","12003","12003.1"
"328",-72.62925,41.401723,328,FALSE,"1","12003","12003.1"
"329",-72.629192,41.401578,329,FALSE,"1","12003","12003.1"
"330",-72.629156,41.40142,330,FALSE,"1","12003","12003.1"
"331",-72.629017,41.401232,331,FALSE,"1","12003","12003.1"
"332",-72.628799,41.401061,332,FALSE,"1","12003","12003.1"
"333",-72.628653,41.400995,333,FALSE,"1","12003","12003.1"
"334",-72.628274,41.40092,334,FALSE,"1","12003","12003.1"
"335",-72.628173,41.400823,335,FALSE,"1","12003","12003.1"
"336",-72.628093,41.400763,336,FALSE,"1","12003","12003.1"
"337",-72.627866,41.400668,337,FALSE,"1","12003","12003.1"
"338",-72.627305,41.400535,338,FALSE,"1","12003","12003.1"
"339",-72.626862,41.40035,339,FALSE,"1","12003","12003.1"
"340",-72.626278,41.400189,340,FALSE,"1","12003","12003.1"
"341",-72.62608,41.400059,341,FALSE,"1","12003","12003.1"
"342",-72.625935,41.399876,342,FALSE,"1","12003","12003.1"
"343",-72.625673,41.399731,343,FALSE,"1","12003","12003.1"
"344",-72.625534,41.399679,344,FALSE,"1","12003","12003.1"
"345",-72.625265,41.399529,345,FALSE,"1","12003","12003.1"
"346",-72.625116,41.39935,346,FALSE,"1","12003","12003.1"
"347",-72.625027,41.399092,347,FALSE,"1","12003","12003.1"
"348",-72.625027,41.398997,348,FALSE,"1","12003","12003.1"
"349",-72.625031,41.398972,349,FALSE,"1","12003","12003.1"
"350",-72.625103,41.398589,350,FALSE,"1","12003","12003.1"
"351",-72.625317,41.398076,351,FALSE,"1","12003","12003.1"
"352",-72.625485,41.397822,352,FALSE,"1","12003","12003.1"
"353",-72.625653,41.397659,353,FALSE,"1","12003","12003.1"
"354",-72.625712,41.397521,354,FALSE,"1","12003","12003.1"
"355",-72.625938,41.397305,355,FALSE,"1","12003","12003.1"
"356",-72.625909,41.397165,356,FALSE,"1","12003","12003.1"
"357",-72.625814,41.397086,357,FALSE,"1","12003","12003.1"
"358",-72.625552,41.396927,358,FALSE,"1","12003","12003.1"
"359",-72.625209,41.396614,359,FALSE,"1","12003","12003.1"
"360",-72.625,41.396376,360,FALSE,"1","12003","12003.1"
"361",-72.624946,41.396312,361,FALSE,"1","12003","12003.1"
"362",-72.624902,41.396293,362,FALSE,"1","12003","12003.1"
"363",-72.624792,41.396241,363,FALSE,"1","12003","12003.1"
"364",-72.624625,41.396125,364,FALSE,"1","12003","12003.1"
"365",-72.624538,41.396091,365,FALSE,"1","12003","12003.1"
"366",-72.624428,41.396034,366,FALSE,"1","12003","12003.1"
"367",-72.624392,41.396016,367,FALSE,"1","12003","12003.1"
"368",-72.624275,41.395771,368,FALSE,"1","12003","12003.1"
"369",-72.624087,41.395614,369,FALSE,"1","12003","12003.1"
"370",-72.624044,41.395518,370,FALSE,"1","12003","12003.1"
"371",-72.624109,41.395272,371,FALSE,"1","12003","12003.1"
"372",-72.624095,41.3952,372,FALSE,"1","12003","12003.1"
"373",-72.624059,41.395136,373,FALSE,"1","12003","12003.1"
"374",-72.623887,41.39502,374,FALSE,"1","12003","12003.1"
"375",-72.623628,41.394938,375,FALSE,"1","12003","12003.1"
"376",-72.623338,41.394891,376,FALSE,"1","12003","12003.1"
"377",-72.623027,41.394768,377,FALSE,"1","12003","12003.1"
"378",-72.622801,41.394714,378,FALSE,"1","12003","12003.1"
"379",-72.622706,41.394631,379,FALSE,"1","12003","12003.1"
"380",-72.622699,41.394491,380,FALSE,"1","12003","12003.1"
"381",-72.622735,41.394298,381,FALSE,"1","12003","12003.1"
"382",-72.622771,41.394191,382,FALSE,"1","12003","12003.1"
"383",-72.622713,41.394036,383,FALSE,"1","12003","12003.1"
"384",-72.622538,41.393744,384,FALSE,"1","12003","12003.1"
"385",-72.622458,41.393594,385,FALSE,"1","12003","12003.1"
"386",-72.622348,41.393511,386,FALSE,"1","12003","12003.1"
"387",-72.622115,41.393452,387,FALSE,"1","12003","12003.1"
"388",-72.621663,41.393402,388,FALSE,"1","12003","12003.1"
"389",-72.621313,41.393422,389,FALSE,"1","12003","12003.1"
"390",-72.621277,41.393435,390,FALSE,"1","12003","12003.1"
"391",-72.621014,41.393204,391,FALSE,"1","12003","12003.1"
"392",-72.62089,41.393053,392,FALSE,"1","12003","12003.1"
"393",-72.620679,41.39267,393,FALSE,"1","12003","12003.1"
"394",-72.620642,41.392615,394,FALSE,"1","12003","12003.1"
"395",-72.620415,41.39257,395,FALSE,"1","12003","12003.1"
"396",-72.620211,41.392449,396,FALSE,"1","12003","12003.1"
"397",-72.620022,41.392247,397,FALSE,"1","12003","12003.1"
"398",-72.619898,41.392213,398,FALSE,"1","12003","12003.1"
"399",-72.619628,41.392158,399,FALSE,"1","12003","12003.1"
"400",-72.619468,41.392096,400,FALSE,"1","12003","12003.1"
"401",-72.619169,41.392121,401,FALSE,"1","12003","12003.1"
"402",-72.618922,41.392129,402,FALSE,"1","12003","12003.1"
"403",-72.618702,41.392071,403,FALSE,"1","12003","12003.1"
"404",-72.618455,41.391913,404,FALSE,"1","12003","12003.1"
"405",-72.618302,41.39177,405,FALSE,"1","12003","12003.1"
"406",-72.618076,41.391738,406,FALSE,"1","12003","12003.1"
"407",-72.61801,41.391656,407,FALSE,"1","12003","12003.1"
"408",-72.618024,41.391408,408,FALSE,"1","12003","12003.1"
"409",-72.617959,41.391272,409,FALSE,"1","12003","12003.1"
"410",-72.617842,41.391094,410,FALSE,"1","12003","12003.1"
"411",-72.6178,41.390901,411,FALSE,"1","12003","12003.1"
"412",-72.617791,41.390859,412,FALSE,"1","12003","12003.1"
"413",-72.61771,41.390744,413,FALSE,"1","12003","12003.1"
"414",-72.617499,41.390632,414,FALSE,"1","12003","12003.1"
"415",-72.617368,41.390589,415,FALSE,"1","12003","12003.1"
"416",-72.617171,41.39058,416,FALSE,"1","12003","12003.1"
"417",-72.617018,41.3905,417,FALSE,"1","12003","12003.1"
"418",-72.616966,41.390427,418,FALSE,"1","12003","12003.1"
"419",-72.616923,41.390084,419,FALSE,"1","12003","12003.1"
"420",-72.616879,41.389921,420,FALSE,"1","12003","12003.1"
"421",-72.61682,41.389861,421,FALSE,"1","12003","12003.1"
"422",-72.616733,41.389805,422,FALSE,"1","12003","12003.1"
"423",-72.616529,41.389761,423,FALSE,"1","12003","12003.1"
"424",-72.616435,41.389763,424,FALSE,"1","12003","12003.1"
"425",-72.616332,41.38968,425,FALSE,"1","12003","12003.1"
"426",-72.616339,41.389469,426,FALSE,"1","12003","12003.1"
"427",-72.616128,41.389257,427,FALSE,"1","12003","12003.1"
"428",-72.616098,41.389148,428,FALSE,"1","12003","12003.1"
"429",-72.616149,41.388902,429,FALSE,"1","12003","12003.1"
"430",-72.616032,41.388742,430,FALSE,"1","12003","12003.1"
"431",-72.615704,41.388474,431,FALSE,"1","12003","12003.1"
"432",-72.615537,41.388376,432,FALSE,"1","12003","12003.1"
"433",-72.615158,41.388066,433,FALSE,"1","12003","12003.1"
"434",-72.615072,41.387962,434,FALSE,"1","12003","12003.1"
"435",-72.615037,41.387918,435,FALSE,"1","12003","12003.1"
"436",-72.615021,41.387908,436,FALSE,"1","12003","12003.1"
"437",-72.615017,41.387893,437,FALSE,"1","12003","12003.1"
"438",-72.614997,41.387869,438,FALSE,"1","12003","12003.1"
"439",-72.614764,41.387662,439,FALSE,"1","12003","12003.1"
"440",-72.614522,41.387499,440,FALSE,"1","12003","12003.1"
"441",-72.614384,41.387406,441,FALSE,"1","12003","12003.1"
"442",-72.614034,41.387228,442,FALSE,"1","12003","12003.1"
"443",-72.61375,41.386992,443,FALSE,"1","12003","12003.1"
"444",-72.613422,41.386814,444,FALSE,"1","12003","12003.1"
"445",-72.612963,41.38667,445,FALSE,"1","12003","12003.1"
"446",-72.612813,41.386603,446,FALSE,"1","12003","12003.1"
"447",-72.61273,41.386566,447,FALSE,"1","12003","12003.1"
"448",-72.612328,41.386179,448,FALSE,"1","12003","12003.1"
"449",-72.61246,41.385916,449,FALSE,"1","12003","12003.1"
"450",-72.612583,41.385811,450,FALSE,"1","12003","12003.1"
"451",-72.612816,41.385433,451,FALSE,"1","12003","12003.1"
"452",-72.612867,41.385213,452,FALSE,"1","12003","12003.1"
"453",-72.612874,41.385019,453,FALSE,"1","12003","12003.1"
"454",-72.612932,41.384922,454,FALSE,"1","12003","12003.1"
"455",-72.613559,41.384749,455,FALSE,"1","12003","12003.1"
"456",-72.61369,41.384649,456,FALSE,"1","12003","12003.1"
"457",-72.613715,41.384619,457,FALSE,"1","12003","12003.1"
"458",-72.613775,41.384508,458,FALSE,"1","12003","12003.1"
"459",-72.613837,41.384398,459,FALSE,"1","12003","12003.1"
"460",-72.613905,41.382472,460,FALSE,"1","12003","12003.1"
"461",-72.613953,41.381684,461,FALSE,"1","12003","12003.1"
"462",-72.614006,41.38078,462,FALSE,"1","12003","12003.1"
"463",-72.613356,41.379345,463,FALSE,"1","12003","12003.1"
"464",-72.613228,41.379064,464,FALSE,"1","12003","12003.1"
"465",-72.613101,41.378783,465,FALSE,"1","12003","12003.1"
"466",-72.613014,41.378591,466,FALSE,"1","12003","12003.1"
"467",-72.612616,41.377994,467,FALSE,"1","12003","12003.1"
"468",-72.611833,41.377535,468,FALSE,"1","12003","12003.1"
"469",-72.611423,41.377296,469,FALSE,"1","12003","12003.1"
"470",-72.611478,41.376863,470,FALSE,"1","12003","12003.1"
"471",-72.611524,41.3765,471,FALSE,"1","12003","12003.1"
"472",-72.610946,41.375858,472,FALSE,"1","12003","12003.1"
"473",-72.610182,41.375007,473,FALSE,"1","12003","12003.1"
"474",-72.60884,41.373513,474,FALSE,"1","12003","12003.1"
"475",-72.608772,41.371839,475,FALSE,"1","12003","12003.1"
"476",-72.608743,41.371125,476,FALSE,"1","12003","12003.1"
"477",-72.609241,41.370529,477,FALSE,"1","12003","12003.1"
"478",-72.608132,41.367404,478,FALSE,"1","12003","12003.1"
"479",-72.61014,41.367148,479,FALSE,"1","12003","12003.1"
"480",-72.610348,41.366982,480,FALSE,"1","12003","12003.1"
"481",-72.610637,41.366751,481,FALSE,"1","12003","12003.1"
"482",-72.610538,41.366253,482,FALSE,"1","12003","12003.1"
"483",-72.609346,41.365357,483,FALSE,"1","12003","12003.1"
"484",-72.609746,41.363368,484,FALSE,"1","12003","12003.1"
"485",-72.610542,41.36307,485,FALSE,"1","12003","12003.1"
"486",-72.6112,41.363239,486,FALSE,"1","12003","12003.1"
"487",-72.612179,41.362704,487,FALSE,"1","12003","12003.1"
"488",-72.612233,41.362674,488,FALSE,"1","12003","12003.1"
"489",-72.612634,41.360485,489,FALSE,"1","12003","12003.1"
"490",-72.612535,41.35969,490,FALSE,"1","12003","12003.1"
"491",-72.612459,41.359539,491,FALSE,"1","12003","12003.1"
"492",-72.612237,41.359092,492,FALSE,"1","12003","12003.1"
"493",-72.612527,41.358155,493,FALSE,"1","12003","12003.1"
"494",-72.612492,41.357644,494,FALSE,"1","12003","12003.1"
"495",-72.612475,41.357403,495,FALSE,"1","12003","12003.1"
"496",-72.612563,41.357205,496,FALSE,"1","12003","12003.1"
"497",-72.612574,41.357182,497,FALSE,"1","12003","12003.1"
"498",-72.612606,41.357112,498,FALSE,"1","12003","12003.1"
"499",-72.612752,41.356931,499,FALSE,"1","12003","12003.1"
"500",-72.612817,41.356893,500,FALSE,"1","12003","12003.1"
"501",-72.612817,41.356646,501,FALSE,"1","12003","12003.1"
"502",-72.612773,41.356377,502,FALSE,"1","12003","12003.1"
"503",-72.612547,41.356036,503,FALSE,"1","12003","12003.1"
"504",-72.61255,41.35581,504,FALSE,"1","12003","12003.1"
"505",-72.612554,41.355581,505,FALSE,"1","12003","12003.1"
"506",-72.612655,41.35478,506,FALSE,"1","12003","12003.1"
"507",-72.612684,41.354631,507,FALSE,"1","12003","12003.1"
"508",-72.612611,41.35417,508,FALSE,"1","12003","12003.1"
"509",-72.612633,41.354002,509,FALSE,"1","12003","12003.1"
"510",-72.612655,41.353834,510,FALSE,"1","12003","12003.1"
"511",-72.612562,41.353549,511,FALSE,"1","12003","12003.1"
"512",-72.612509,41.353413,512,FALSE,"1","12003","12003.1"
"513",-72.612428,41.352881,513,FALSE,"1","12003","12003.1"
"514",-72.612348,41.352683,514,FALSE,"1","12003","12003.1"
"515",-72.612224,41.352595,515,FALSE,"1","12003","12003.1"
"516",-72.611882,41.352546,516,FALSE,"1","12003","12003.1"
"517",-72.611751,41.352447,517,FALSE,"1","12003","12003.1"
"518",-72.611605,41.352327,518,FALSE,"1","12003","12003.1"
"519",-72.61151,41.35208,519,FALSE,"1","12003","12003.1"
"520",-72.611466,41.351877,520,FALSE,"1","12003","12003.1"
"521",-72.611495,41.351624,521,FALSE,"1","12003","12003.1"
"522",-72.611699,41.351262,522,FALSE,"1","12003","12003.1"
"523",-72.611924,41.35107,523,FALSE,"1","12003","12003.1"
"524",-72.612056,41.350938,524,FALSE,"1","12003","12003.1"
"525",-72.612199,41.350862,525,FALSE,"1","12003","12003.1"
"526",-72.612318,41.350801,526,FALSE,"1","12003","12003.1"
"527",-72.612645,41.350685,527,FALSE,"1","12003","12003.1"
"528",-72.612813,41.350537,528,FALSE,"1","12003","12003.1"
"529",-72.612878,41.350405,529,FALSE,"1","12003","12003.1"
"530",-72.612834,41.350219,530,FALSE,"1","12003","12003.1"
"531",-72.612667,41.350049,531,FALSE,"1","12003","12003.1"
"532",-72.612434,41.349928,532,FALSE,"1","12003","12003.1"
"533",-72.612222,41.349665,533,FALSE,"1","12003","12003.1"
"534",-72.611989,41.349237,534,FALSE,"1","12003","12003.1"
"535",-72.611836,41.349006,535,FALSE,"1","12003","12003.1"
"536",-72.611728,41.348689,536,FALSE,"1","12003","12003.1"
"537",-72.611719,41.34866,537,FALSE,"1","12003","12003.1"
"538",-72.611653,41.348227,538,FALSE,"1","12003","12003.1"
"539",-72.611624,41.347601,539,FALSE,"1","12003","12003.1"
"540",-72.611536,41.347393,540,FALSE,"1","12003","12003.1"
"541",-72.61139,41.347096,541,FALSE,"1","12003","12003.1"
"542",-72.611418,41.345828,542,FALSE,"1","12003","12003.1"
"543",-72.611476,41.34551,543,FALSE,"1","12003","12003.1"
"544",-72.611433,41.345258,544,FALSE,"1","12003","12003.1"
"545",-72.611301,41.34495,545,FALSE,"1","12003","12003.1"
"546",-72.611148,41.344632,546,FALSE,"1","12003","12003.1"
"547",-72.611119,41.344451,547,FALSE,"1","12003","12003.1"
"548",-72.611213,41.343233,548,FALSE,"1","12003","12003.1"
"549",-72.6113,41.343073,549,FALSE,"1","12003","12003.1"
"550",-72.61146,41.342953,550,FALSE,"1","12003","12003.1"
"551",-72.611773,41.34281,551,FALSE,"1","12003","12003.1"
"552",-72.612385,41.342656,552,FALSE,"1","12003","12003.1"
"553",-72.61261,41.34254,553,FALSE,"1","12003","12003.1"
"554",-72.612705,41.342414,554,FALSE,"1","12003","12003.1"
"555",-72.612741,41.34209,555,FALSE,"1","12003","12003.1"
"556",-72.612632,41.341465,556,FALSE,"1","12003","12003.1"
"557",-72.612689,41.340866,557,FALSE,"1","12003","12003.1"
"558",-72.612762,41.340757,558,FALSE,"1","12003","12003.1"
"559",-72.612922,41.340636,559,FALSE,"1","12003","12003.1"
"560",-72.613425,41.3404,560,FALSE,"1","12003","12003.1"
"561",-72.613716,41.34024,561,FALSE,"1","12003","12003.1"
"562",-72.613708,41.340136,562,FALSE,"1","12003","12003.1"
"563",-72.613606,41.339917,563,FALSE,"1","12003","12003.1"
"564",-72.613504,41.339801,564,FALSE,"1","12003","12003.1"
"565",-72.61346,41.339653,565,FALSE,"1","12003","12003.1"
"566",-72.613497,41.339543,566,FALSE,"1","12003","12003.1"
"567",-72.613562,41.339439,567,FALSE,"1","12003","12003.1"
"568",-72.613642,41.339346,568,FALSE,"1","12003","12003.1"
"569",-72.613693,41.339044,569,FALSE,"1","12003","12003.1"
"570",-72.6137,41.338753,570,FALSE,"1","12003","12003.1"
"571",-72.613744,41.338643,571,FALSE,"1","12003","12003.1"
"572",-72.613817,41.33855,572,FALSE,"1","12003","12003.1"
"573",-72.613882,41.338374,573,FALSE,"1","12003","12003.1"
"574",-72.613976,41.338237,574,FALSE,"1","12003","12003.1"
"575",-72.614173,41.337743,575,FALSE,"1","12003","12003.1"
"576",-72.614209,41.337721,576,FALSE,"1","12003","12003.1"
"577",-72.614405,41.337309,577,FALSE,"1","12003","12003.1"
"578",-72.614427,41.337095,578,FALSE,"1","12003","12003.1"
"579",-72.614405,41.337002,579,FALSE,"1","12003","12003.1"
"580",-72.614158,41.336755,580,FALSE,"1","12003","12003.1"
"581",-72.613793,41.336503,581,FALSE,"1","12003","12003.1"
"582",-72.613655,41.336355,582,FALSE,"1","12003","12003.1"
"583",-72.613604,41.336223,583,FALSE,"1","12003","12003.1"
"584",-72.613633,41.336075,584,FALSE,"1","12003","12003.1"
"585",-72.613749,41.335773,585,FALSE,"1","12003","12003.1"
"586",-72.613814,41.335449,586,FALSE,"1","12003","12003.1"
"587",-72.613952,41.335081,587,FALSE,"1","12003","12003.1"
"588",-72.614112,41.334274,588,FALSE,"1","12003","12003.1"
"589",-72.614265,41.333983,589,FALSE,"1","12003","12003.1"
"590",-72.614476,41.33378,590,FALSE,"1","12003","12003.1"
"591",-72.614883,41.33361,591,FALSE,"1","12003","12003.1"
"592",-72.614927,41.333577,592,FALSE,"1","12003","12003.1"
"593",-72.614963,41.333588,593,FALSE,"1","12003","12003.1"
"594",-72.614832,41.333423,594,FALSE,"1","12003","12003.1"
"595",-72.614636,41.33327,595,FALSE,"1","12003","12003.1"
"596",-72.614548,41.333176,596,FALSE,"1","12003","12003.1"
"597",-72.614431,41.332858,597,FALSE,"1","12003","12003.1"
"598",-72.614431,41.332658,598,FALSE,"1","12003","12003.1"
"599",-72.614431,41.332611,599,FALSE,"1","12003","12003.1"
"600",-72.614497,41.332441,600,FALSE,"1","12003","12003.1"
"601",-72.614613,41.332205,601,FALSE,"1","12003","12003.1"
"602",-72.614758,41.331821,602,FALSE,"1","12003","12003.1"
"603",-72.614758,41.331365,603,FALSE,"1","12003","12003.1"
"604",-72.614692,41.331157,604,FALSE,"1","12003","12003.1"
"605",-72.614517,41.330827,605,FALSE,"1","12003","12003.1"
"606",-72.614451,41.330416,606,FALSE,"1","12003","12003.1"
"607",-72.614407,41.329966,607,FALSE,"1","12003","12003.1"
"608",-72.614269,41.32962,608,FALSE,"1","12003","12003.1"
"609",-72.614145,41.329483,609,FALSE,"1","12003","12003.1"
"610",-72.613919,41.329428,610,FALSE,"1","12003","12003.1"
"611",-72.613235,41.329522,611,FALSE,"1","12003","12003.1"
"612",-72.612798,41.329511,612,FALSE,"1","12003","12003.1"
"613",-72.612478,41.32944,613,FALSE,"1","12003","12003.1"
"614",-72.61223,41.329335,614,FALSE,"1","12003","12003.1"
"615",-72.612077,41.32922,615,FALSE,"1","12003","12003.1"
"616",-72.611946,41.32894,616,FALSE,"1","12003","12003.1"
"617",-72.611712,41.328534,617,FALSE,"1","12003","12003.1"
"618",-72.611661,41.328375,618,FALSE,"1","12003","12003.1"
"619",-72.611668,41.327832,619,FALSE,"1","12003","12003.1"
"620",-72.61161,41.327607,620,FALSE,"1","12003","12003.1"
"621",-72.611527,41.327516,621,FALSE,"1","12003","12003.1"
"622",-72.611518,41.327506,622,FALSE,"1","12003","12003.1"
"623",-72.61149,41.327476,623,FALSE,"1","12003","12003.1"
"624",-72.611288,41.327421,624,FALSE,"1","12003","12003.1"
"625",-72.610996,41.327432,625,FALSE,"1","12003","12003.1"
"626",-72.610829,41.327471,626,FALSE,"1","12003","12003.1"
"627",-72.610268,41.32768,627,FALSE,"1","12003","12003.1"
"628",-72.60984,41.327697,628,FALSE,"1","12003","12003.1"
"629",-72.609498,41.327807,629,FALSE,"1","12003","12003.1"
"630",-72.609061,41.328054,630,FALSE,"1","12003","12003.1"
"631",-72.608654,41.328175,631,FALSE,"1","12003","12003.1"
"632",-72.608399,41.328181,632,FALSE,"1","12003","12003.1"
"633",-72.608108,41.328127,633,FALSE,"1","12003","12003.1"
"634",-72.607904,41.328056,634,FALSE,"1","12003","12003.1"
"635",-72.607343,41.327721,635,FALSE,"1","12003","12003.1"
"636",-72.607205,41.327667,636,FALSE,"1","12003","12003.1"
"637",-72.606972,41.327651,637,FALSE,"1","12003","12003.1"
"638",-72.606602,41.327832,638,FALSE,"1","12003","12003.1"
"639",-72.606274,41.327849,639,FALSE,"1","12003","12003.1"
"640",-72.605976,41.327816,640,FALSE,"1","12003","12003.1"
"641",-72.605852,41.327784,641,FALSE,"1","12003","12003.1"
"642",-72.60575,41.327735,642,FALSE,"1","12003","12003.1"
"643",-72.605226,41.327609,643,FALSE,"1","12003","12003.1"
"644",-72.604927,41.327455,644,FALSE,"1","12003","12003.1"
"645",-72.604293,41.327067,645,FALSE,"1","12003","12003.1"
"646",-72.604119,41.326918,646,FALSE,"1","12003","12003.1"
"647",-72.604038,41.32682,647,FALSE,"1","12003","12003.1"
"648",-72.603754,41.326634,648,FALSE,"1","12003","12003.1"
"649",-72.603572,41.326459,649,FALSE,"1","12003","12003.1"
"650",-72.602997,41.326142,650,FALSE,"1","12003","12003.1"
"651",-72.602771,41.326054,651,FALSE,"1","12003","12003.1"
"652",-72.60251,41.325977,652,FALSE,"1","12003","12003.1"
"653",-72.602088,41.325988,653,FALSE,"1","12003","12003.1"
"654",-72.601935,41.326043,654,FALSE,"1","12003","12003.1"
"655",-72.601818,41.326103,655,FALSE,"1","12003","12003.1"
"656",-72.601665,41.326115,656,FALSE,"1","12003","12003.1"
"657",-72.601469,41.326061,657,FALSE,"1","12003","12003.1"
"658",-72.600966,41.325841,658,FALSE,"1","12003","12003.1"
"659",-72.600784,41.325814,659,FALSE,"1","12003","12003.1"
"660",-72.600567,41.325837,660,FALSE,"1","12003","12003.1"
"661",-72.600501,41.325892,661,FALSE,"1","12003","12003.1"
"662",-72.600538,41.326055,662,FALSE,"1","12003","12003.1"
"663",-72.600443,41.326286,663,FALSE,"1","12003","12003.1"
"664",-72.600363,41.326423,664,FALSE,"1","12003","12003.1"
"665",-72.600065,41.326561,665,FALSE,"1","12003","12003.1"
"666",-72.599775,41.326891,666,FALSE,"1","12003","12003.1"
"667",-72.599593,41.327164,667,FALSE,"1","12003","12003.1"
"668",-72.599513,41.327263,668,FALSE,"1","12003","12003.1"
"669",-72.599258,41.32739,669,FALSE,"1","12003","12003.1"
"670",-72.598859,41.327528,670,FALSE,"1","12003","12003.1"
"671",-72.598568,41.327704,671,FALSE,"1","12003","12003.1"
"672",-72.597848,41.32828,672,FALSE,"1","12003","12003.1"
"673",-72.597695,41.328351,673,FALSE,"1","12003","12003.1"
"674",-72.597419,41.328434,674,FALSE,"1","12003","12003.1"
"675",-72.597193,41.328533,675,FALSE,"1","12003","12003.1"
"676",-72.597136,41.328545,676,FALSE,"1","12003","12003.1"
"677",-72.597005,41.328545,677,FALSE,"1","12003","12003.1"
"678",-72.59667,41.328446,678,FALSE,"1","12003","12003.1"
"679",-72.596262,41.328303,679,FALSE,"1","12003","12003.1"
"680",-72.595978,41.328133,680,FALSE,"1","12003","12003.1"
"681",-72.595854,41.328096,681,FALSE,"1","12003","12003.1"
"682",-72.595774,41.328073,682,FALSE,"1","12003","12003.1"
"683",-72.595708,41.328035,683,FALSE,"1","12003","12003.1"
"684",-72.595672,41.327908,684,FALSE,"1","12003","12003.1"
"685",-72.59573,41.327843,685,FALSE,"1","12003","12003.1"
"686",-72.595883,41.327716,686,FALSE,"1","12003","12003.1"
"687",-72.595883,41.327656,687,FALSE,"1","12003","12003.1"
"688",-72.595788,41.327519,688,FALSE,"1","12003","12003.1"
"689",-72.59565,41.327414,689,FALSE,"1","12003","12003.1"
"690",-72.595242,41.327195,690,FALSE,"1","12003","12003.1"
"691",-72.595023,41.326987,691,FALSE,"1","12003","12003.1"
"692",-72.595001,41.326789,692,FALSE,"1","12003","12003.1"
"693",-72.595001,41.326646,693,FALSE,"1","12003","12003.1"
"694",-72.594953,41.326528,694,FALSE,"1","12003","12003.1"
"695",-72.59479,41.326125,695,FALSE,"1","12003","12003.1"
"696",-72.59455,41.325867,696,FALSE,"1","12003","12003.1"
"697",-72.59436,41.325708,697,FALSE,"1","12003","12003.1"
"698",-72.593989,41.325505,698,FALSE,"1","12003","12003.1"
"699",-72.593668,41.325191,699,FALSE,"1","12003","12003.1"
"700",-72.59345,41.324978,700,FALSE,"1","12003","12003.1"
"701",-72.593122,41.324446,701,FALSE,"1","12003","12003.1"
"702",-72.592875,41.324079,702,FALSE,"1","12003","12003.1"
"703",-72.592866,41.324065,703,FALSE,"1","12003","12003.1"
"704",-72.592855,41.324053,704,FALSE,"1","12003","12003.1"
"705",-72.592685,41.323831,705,FALSE,"1","12003","12003.1"
"706",-72.592343,41.323244,706,FALSE,"1","12003","12003.1"
"707",-72.59219,41.323079,707,FALSE,"1","12003","12003.1"
"708",-72.591858,41.32282,708,FALSE,"1","12003","12003.1"
"709",-72.591804,41.322778,709,FALSE,"1","12003","12003.1"
"710",-72.591498,41.322657,710,FALSE,"1","12003","12003.1"
"711",-72.591105,41.322586,711,FALSE,"1","12003","12003.1"
"712",-72.590748,41.322586,712,FALSE,"1","12003","12003.1"
"713",-72.590624,41.322569,713,FALSE,"1","12003","12003.1"
"714",-72.590068,41.322613,714,FALSE,"1","12003","12003.1"
"715",-72.589445,41.322663,715,FALSE,"1","12003","12003.1"
"716",-72.589204,41.322734,716,FALSE,"1","12003","12003.1"
"717",-72.589066,41.322839,717,FALSE,"1","12003","12003.1"
"718",-72.588862,41.323036,718,FALSE,"1","12003","12003.1"
"719",-72.588513,41.32325,719,FALSE,"1","12003","12003.1"
"720",-72.588367,41.323327,720,FALSE,"1","12003","12003.1"
"721",-72.588309,41.323393,721,FALSE,"1","12003","12003.1"
"722",-72.588295,41.323492,722,FALSE,"1","12003","12003.1"
"723",-72.588346,41.323744,723,FALSE,"1","12003","12003.1"
"724",-72.588026,41.324079,724,FALSE,"1","12003","12003.1"
"725",-72.587873,41.324189,725,FALSE,"1","12003","12003.1"
"726",-72.587809,41.324213,726,FALSE,"1","12003","12003.1"
"727",-72.587509,41.324332,727,FALSE,"1","12003","12003.1"
"728",-72.587341,41.324326,728,FALSE,"1","12003","12003.1"
"729",-72.587232,41.324255,729,FALSE,"1","12003","12003.1"
"730",-72.587035,41.324036,730,FALSE,"1","12003","12003.1"
"731",-72.58689,41.32397,731,FALSE,"1","12003","12003.1"
"732",-72.586722,41.32397,732,FALSE,"1","12003","12003.1"
"733",-72.586548,41.32409,733,FALSE,"1","12003","12003.1"
"734",-72.586417,41.324217,734,FALSE,"1","12003","12003.1"
"735",-72.586402,41.324222,735,FALSE,"1","12003","12003.1"
"736",-72.586376,41.324232,736,FALSE,"1","12003","12003.1"
"737",-72.586358,41.324238,737,FALSE,"1","12003","12003.1"
"738",-72.586344,41.324244,738,FALSE,"1","12003","12003.1"
"739",-72.586198,41.324173,739,FALSE,"1","12003","12003.1"
"740",-72.585943,41.324014,740,FALSE,"1","12003","12003.1"
"741",-72.585841,41.323888,741,FALSE,"1","12003","12003.1"
"742",-72.585841,41.323811,742,FALSE,"1","12003","12003.1"
"743",-72.586111,41.323624,743,FALSE,"1","12003","12003.1"
"744",-72.586074,41.323492,744,FALSE,"1","12003","12003.1"
"745",-72.585914,41.323201,745,FALSE,"1","12003","12003.1"
"746",-72.585768,41.322976,746,FALSE,"1","12003","12003.1"
"747",-72.585732,41.322631,747,FALSE,"1","12003","12003.1"
"748",-72.585732,41.322439,748,FALSE,"1","12003","12003.1"
"749",-72.585957,41.321802,749,FALSE,"1","12003","12003.1"
"750",-72.585888,41.321687,750,FALSE,"1","12003","12003.1"
"751",-72.585855,41.321632,751,FALSE,"1","12003","12003.1"
"752",-72.58568,41.32144,752,FALSE,"1","12003","12003.1"
"753",-72.585564,41.321143,753,FALSE,"1","12003","12003.1"
"754",-72.585481,41.320971,754,FALSE,"1","12003","12003.1"
"755",-72.5854,41.320763,755,FALSE,"1","12003","12003.1"
"756",-72.585337,41.320551,756,FALSE,"1","12003","12003.1"
"757",-72.585309,41.320366,757,FALSE,"1","12003","12003.1"
"758",-72.585278,41.320167,758,FALSE,"1","12003","12003.1"
"759",-72.585183,41.319646,759,FALSE,"1","12003","12003.1"
"760",-72.58514,41.319539,760,FALSE,"1","12003","12003.1"
"761",-72.585082,41.319274,761,FALSE,"1","12003","12003.1"
"762",-72.585149,41.31895,762,FALSE,"1","12003","12003.1"
"763",-72.585318,41.318618,763,FALSE,"1","12003","12003.1"
"764",-72.586182,41.317747,764,FALSE,"1","12003","12003.1"
"765",-72.586827,41.317196,765,FALSE,"1","12003","12003.1"
"766",-72.587357,41.316593,766,FALSE,"1","12003","12003.1"
"767",-72.587398,41.316556,767,FALSE,"1","12003","12003.1"
"768",-72.587809,41.316045,768,FALSE,"1","12003","12003.1"
"769",-72.587888,41.315989,769,FALSE,"1","12003","12003.1"
"770",-72.588099,41.315937,770,FALSE,"1","12003","12003.1"
"771",-72.588279,41.315945,771,FALSE,"1","12003","12003.1"
"772",-72.588454,41.316003,772,FALSE,"1","12003","12003.1"
"773",-72.588486,41.316004,773,FALSE,"1","12003","12003.1"
"774",-72.58853,41.316058,774,FALSE,"1","12003","12003.1"
"775",-72.588641,41.316154,775,FALSE,"1","12003","12003.1"
"776",-72.588776,41.316243,776,FALSE,"1","12003","12003.1"
"777",-72.5889,41.316262,777,FALSE,"1","12003","12003.1"
"778",-72.589044,41.316199,778,FALSE,"1","12003","12003.1"
"779",-72.589284,41.316032,779,FALSE,"1","12003","12003.1"
"780",-72.589414,41.315903,780,FALSE,"1","12003","12003.1"
"781",-72.589596,41.315694,781,FALSE,"1","12003","12003.1"
"782",-72.589608,41.315497,782,FALSE,"1","12003","12003.1"
"783",-72.589578,41.31535,783,FALSE,"1","12003","12003.1"
"784",-72.589562,41.315271,784,FALSE,"1","12003","12003.1"
"785",-72.589415,41.315133,785,FALSE,"1","12003","12003.1"
"786",-72.5888,41.314853,786,FALSE,"1","12003","12003.1"
"787",-72.588554,41.314737,787,FALSE,"1","12003","12003.1"
"788",-72.58832,41.314593,788,FALSE,"1","12003","12003.1"
"789",-72.588091,41.314396,789,FALSE,"1","12003","12003.1"
"790",-72.587889,41.314125,790,FALSE,"1","12003","12003.1"
"791",-72.587717,41.313933,791,FALSE,"1","12003","12003.1"
"792",-72.587552,41.313818,792,FALSE,"1","12003","12003.1"
"793",-72.587408,41.313746,793,FALSE,"1","12003","12003.1"
"794",-72.587246,41.31371,794,FALSE,"1","12003","12003.1"
"795",-72.587062,41.313706,795,FALSE,"1","12003","12003.1"
"796",-72.586176,41.314227,796,FALSE,"1","12003","12003.1"
"797",-72.585962,41.314231,797,FALSE,"1","12003","12003.1"
"798",-72.585704,41.314235,798,FALSE,"1","12003","12003.1"
"799",-72.585445,41.314239,799,FALSE,"1","12003","12003.1"
"800",-72.585362,41.314236,800,FALSE,"1","12003","12003.1"
"801",-72.585278,41.314234,801,FALSE,"1","12003","12003.1"
"802",-72.585206,41.314232,802,FALSE,"1","12003","12003.1"
"803",-72.584903,41.313955,803,FALSE,"1","12003","12003.1"
"804",-72.584842,41.313797,804,FALSE,"1","12003","12003.1"
"805",-72.584742,41.313537,805,FALSE,"1","12003","12003.1"
"806",-72.584642,41.313277,806,FALSE,"1","12003","12003.1"
"807",-72.584616,41.31321,807,FALSE,"1","12003","12003.1"
"808",-72.584664,41.313158,808,FALSE,"1","12003","12003.1"
"809",-72.584758,41.313061,809,FALSE,"1","12003","12003.1"
"810",-72.584854,41.312966,810,FALSE,"1","12003","12003.1"
"811",-72.584885,41.312934,811,FALSE,"1","12003","12003.1"
"812",-72.586451,41.312937,812,FALSE,"1","12003","12003.1"
"813",-72.586565,41.312936,813,FALSE,"1","12003","12003.1"
"814",-72.587528,41.312482,814,FALSE,"1","12003","12003.1"
"815",-72.587554,41.312442,815,FALSE,"1","12003","12003.1"
"816",-72.587617,41.312348,816,FALSE,"1","12003","12003.1"
"817",-72.58768,41.312253,817,FALSE,"1","12003","12003.1"
"818",-72.587751,41.312146,818,FALSE,"1","12003","12003.1"
"819",-72.587822,41.312039,819,FALSE,"1","12003","12003.1"
"820",-72.587859,41.311983,820,FALSE,"1","12003","12003.1"
"821",-72.58837,41.311881,821,FALSE,"1","12003","12003.1"
"822",-72.588521,41.311747,822,FALSE,"1","12003","12003.1"
"823",-72.588574,41.3117,823,FALSE,"1","12003","12003.1"
"824",-72.588509,41.311659,824,FALSE,"1","12003","12003.1"
"825",-72.588207,41.311467,825,FALSE,"1","12003","12003.1"
"826",-72.586895,41.311032,826,FALSE,"1","12003","12003.1"
"827",-72.586832,41.310979,827,FALSE,"1","12003","12003.1"
"828",-72.585801,41.310106,828,FALSE,"1","12003","12003.1"
"829",-72.585692,41.309914,829,FALSE,"1","12003","12003.1"
"830",-72.585657,41.309852,830,FALSE,"1","12003","12003.1"
"831",-72.585625,41.309662,831,FALSE,"1","12003","12003.1"
"832",-72.585655,41.309626,832,FALSE,"1","12003","12003.1"
"833",-72.585768,41.309495,833,FALSE,"1","12003","12003.1"
"834",-72.585944,41.309339,834,FALSE,"1","12003","12003.1"
"835",-72.586026,41.309266,835,FALSE,"1","12003","12003.1"
"836",-72.586108,41.309194,836,FALSE,"1","12003","12003.1"
"837",-72.586157,41.309151,837,FALSE,"1","12003","12003.1"
"838",-72.585555,41.308348,838,FALSE,"1","12003","12003.1"
"839",-72.58561,41.30791,839,FALSE,"1","12003","12003.1"
"840",-72.585643,41.307653,840,FALSE,"1","12003","12003.1"
"841",-72.585612,41.307437,841,FALSE,"1","12003","12003.1"
"842",-72.585599,41.307348,842,FALSE,"1","12003","12003.1"
"843",-72.585519,41.307305,843,FALSE,"1","12003","12003.1"
"844",-72.585459,41.307273,844,FALSE,"1","12003","12003.1"
"845",-72.585399,41.307241,845,FALSE,"1","12003","12003.1"
"846",-72.585181,41.307099,846,FALSE,"1","12003","12003.1"
"847",-72.584642,41.306863,847,FALSE,"1","12003","12003.1"
"848",-72.584264,41.306753,848,FALSE,"1","12003","12003.1"
"849",-72.584038,41.306742,849,FALSE,"1","12003","12003.1"
"850",-72.583536,41.306539,850,FALSE,"1","12003","12003.1"
"851",-72.583157,41.306462,851,FALSE,"1","12003","12003.1"
"852",-72.582502,41.306386,852,FALSE,"1","12003","12003.1"
"853",-72.582411,41.30632,853,FALSE,"1","12003","12003.1"
"854",-72.58232,41.306255,854,FALSE,"1","12003","12003.1"
"855",-72.582231,41.30619,855,FALSE,"1","12003","12003.1"
"856",-72.581961,41.305996,856,FALSE,"1","12003","12003.1"
"857",-72.581888,41.305944,857,FALSE,"1","12003","12003.1"
"858",-72.581683,41.305796,858,FALSE,"1","12003","12003.1"
"859",-72.581477,41.305648,859,FALSE,"1","12003","12003.1"
"860",-72.581408,41.305598,860,FALSE,"1","12003","12003.1"
"861",-72.58134,41.305549,861,FALSE,"1","12003","12003.1"
"862",-72.581287,41.305511,862,FALSE,"1","12003","12003.1"
"863",-72.581257,41.305407,863,FALSE,"1","12003","12003.1"
"864",-72.581123,41.304932,864,FALSE,"1","12003","12003.1"
"865",-72.581473,41.304563,865,FALSE,"1","12003","12003.1"
"866",-72.581802,41.304218,866,FALSE,"1","12003","12003.1"
"867",-72.581821,41.303917,867,FALSE,"1","12003","12003.1"
"868",-72.581822,41.303902,868,FALSE,"1","12003","12003.1"
"869",-72.581761,41.303899,869,FALSE,"1","12003","12003.1"
"870",-72.581498,41.303884,870,FALSE,"1","12003","12003.1"
"871",-72.579875,41.304002,871,FALSE,"1","12003","12003.1"
"872",-72.579734,41.303965,872,FALSE,"1","12003","12003.1"
"873",-72.578616,41.303673,873,FALSE,"1","12003","12003.1"
"874",-72.577627,41.303313,874,FALSE,"1","12003","12003.1"
"875",-72.57726,41.303084,875,FALSE,"1","12003","12003.1"
"876",-72.57717,41.303019,876,FALSE,"1","12003","12003.1"
"877",-72.57634,41.302425,877,FALSE,"1","12003","12003.1"
"878",-72.576286,41.302216,878,FALSE,"1","12003","12003.1"
"879",-72.57635,41.301966,879,FALSE,"1","12003","12003.1"
"880",-72.576291,41.301663,880,FALSE,"1","12003","12003.1"
"881",-72.576181,41.301409,881,FALSE,"1","12003","12003.1"
"882",-72.576086,41.301121,882,FALSE,"1","12003","12003.1"
"883",-72.575953,41.300921,883,FALSE,"1","12003","12003.1"
"884",-72.575568,41.300669,884,FALSE,"1","12003","12003.1"
"885",-72.574958,41.300292,885,FALSE,"1","12003","12003.1"
"886",-72.57454,41.300041,886,FALSE,"1","12003","12003.1"
"887",-72.574189,41.2998,887,FALSE,"1","12003","12003.1"
"888",-72.573685,41.299389,888,FALSE,"1","12003","12003.1"
"889",-72.573448,41.299175,889,FALSE,"1","12003","12003.1"
"890",-72.572739,41.298798,890,FALSE,"1","12003","12003.1"
"891",-72.572594,41.298702,891,FALSE,"1","12003","12003.1"
"892",-72.571963,41.298413,892,FALSE,"1","12003","12003.1"
"893",-72.571655,41.298306,893,FALSE,"1","12003","12003.1"
"894",-72.57135,41.298206,894,FALSE,"1","12003","12003.1"
"895",-72.571098,41.29813,895,FALSE,"1","12003","12003.1"
"896",-72.570854,41.298054,896,FALSE,"1","12003","12003.1"
"897",-72.570702,41.298004,897,FALSE,"1","12003","12003.1"
"898",-72.570786,41.297928,898,FALSE,"1","12003","12003.1"
"899",-72.570946,41.297768,899,FALSE,"1","12003","12003.1"
"900",-72.571426,41.29771,900,FALSE,"1","12003","12003.1"
"901",-72.571747,41.297672,901,FALSE,"1","12003","12003.1"
"902",-72.571777,41.297623,902,FALSE,"1","12003","12003.1"
"903",-72.571739,41.297565,903,FALSE,"1","12003","12003.1"
"904",-72.571564,41.297474,904,FALSE,"1","12003","12003.1"
"905",-72.571236,41.297302,905,FALSE,"1","12003","12003.1"
"906",-72.570908,41.297134,906,FALSE,"1","12003","12003.1"
"907",-72.570663,41.297005,907,FALSE,"1","12003","12003.1"
"908",-72.570412,41.296875,908,FALSE,"1","12003","12003.1"
"909",-72.570195,41.296761,909,FALSE,"1","12003","12003.1"
"910",-72.569977,41.296646,910,FALSE,"1","12003","12003.1"
"911",-72.570808,41.295776,911,FALSE,"1","12003","12003.1"
"912",-72.570636,41.295381,912,FALSE,"1","12003","12003.1"
"913",-72.570146,41.294419,913,FALSE,"1","12003","12003.1"
"914",-72.569939,41.294399,914,FALSE,"1","12003","12003.1"
"915",-72.569349,41.294318,915,FALSE,"1","12003","12003.1"
"916",-72.569013,41.294381,916,FALSE,"1","12003","12003.1"
"917",-72.568764,41.294376,917,FALSE,"1","12003","12003.1"
"918",-72.568069,41.294258,918,FALSE,"1","12003","12003.1"
"919",-72.567559,41.294174,919,FALSE,"1","12003","12003.1"
"920",-72.567421,41.2939,920,FALSE,"1","12003","12003.1"
"921",-72.567078,41.293087,921,FALSE,"1","12003","12003.1"
"922",-72.566902,41.293003,922,FALSE,"1","12003","12003.1"
"923",-72.566673,41.292892,923,FALSE,"1","12003","12003.1"
"924",-72.566444,41.292786,924,FALSE,"1","12003","12003.1"
"925",-72.566078,41.292606,925,FALSE,"1","12003","12003.1"
"926",-72.565712,41.292431,926,FALSE,"1","12003","12003.1"
"927",-72.565628,41.292393,927,FALSE,"1","12003","12003.1"
"928",-72.565559,41.292252,928,FALSE,"1","12003","12003.1"
"929",-72.565369,41.291882,929,FALSE,"1","12003","12003.1"
"930",-72.565315,41.29147,930,FALSE,"1","12003","12003.1"
"931",-72.564813,41.290539,931,FALSE,"1","12003","12003.1"
"932",-72.564754,41.290465,932,FALSE,"1","12003","12003.1"
"933",-72.564743,41.290441,933,FALSE,"1","12003","12003.1"
"934",-72.564592,41.290118,934,FALSE,"1","12003","12003.1"
"935",-72.56454,41.290015,935,FALSE,"1","12003","12003.1"
"936",-72.564528,41.289997,936,FALSE,"1","12003","12003.1"
"937",-72.564556,41.28986,937,FALSE,"1","12003","12003.1"
"938",-72.564628,41.289519,938,FALSE,"1","12003","12003.1"
"939",-72.56463,41.289501,939,FALSE,"1","12003","12003.1"
"940",-72.564585,41.289436,940,FALSE,"1","12003","12003.1"
"941",-72.564534,41.289357,941,FALSE,"1","12003","12003.1"
"942",-72.564301,41.288991,942,FALSE,"1","12003","12003.1"
"943",-72.564165,41.28898,943,FALSE,"1","12003","12003.1"
"944",-72.564013,41.288967,944,FALSE,"1","12003","12003.1"
"945",-72.563977,41.288965,945,FALSE,"1","12003","12003.1"
"946",-72.563934,41.288698,946,FALSE,"1","12003","12003.1"
"947",-72.563739,41.28865,947,FALSE,"1","12003","12003.1"
"948",-72.563545,41.288601,948,FALSE,"1","12003","12003.1"
"949",-72.56274,41.28843,949,FALSE,"1","12003","12003.1"
"950",-72.562709,41.288424,950,FALSE,"1","12003","12003.1"
"951",-72.561132,41.2875,951,FALSE,"1","12003","12003.1"
"952",-72.56034,41.286468,952,FALSE,"1","12003","12003.1"
"953",-72.560029,41.286064,953,FALSE,"1","12003","12003.1"
"954",-72.559812,41.285781,954,FALSE,"1","12003","12003.1"
"955",-72.559286,41.285098,955,FALSE,"1","12003","12003.1"
"956",-72.559319,41.285023,956,FALSE,"1","12003","12003.1"
"957",-72.559312,41.284994,957,FALSE,"1","12003","12003.1"
"958",-72.559291,41.284901,958,FALSE,"1","12003","12003.1"
"959",-72.559139,41.284731,959,FALSE,"1","12003","12003.1"
"960",-72.559045,41.284664,960,FALSE,"1","12003","12003.1"
"961",-72.558822,41.284521,961,FALSE,"1","12003","12003.1"
"962",-72.5586,41.284379,962,FALSE,"1","12003","12003.1"
"963",-72.557434,41.283695,963,FALSE,"1","12003","12003.1"
"964",-72.557358,41.283251,964,FALSE,"1","12003","12003.1"
"965",-72.557354,41.283106,965,FALSE,"1","12003","12003.1"
"966",-72.557352,41.282989,966,FALSE,"1","12003","12003.1"
"967",-72.557337,41.282862,967,FALSE,"1","12003","12003.1"
"968",-72.557322,41.282735,968,FALSE,"1","12003","12003.1"
"969",-72.557236,41.281992,969,FALSE,"1","12003","12003.1"
"970",-72.556228,41.281403,970,FALSE,"1","12003","12003.1"
"971",-72.555763,41.281043,971,FALSE,"1","12003","12003.1"
"972",-72.555435,41.280788,972,FALSE,"1","12003","12003.1"
"973",-72.555028,41.280608,973,FALSE,"1","12003","12003.1"
"974",-72.554894,41.280587,974,FALSE,"1","12003","12003.1"
"975",-72.554641,41.280586,975,FALSE,"1","12003","12003.1"
"976",-72.554388,41.280586,976,FALSE,"1","12003","12003.1"
"977",-72.55412,41.280585,977,FALSE,"1","12003","12003.1"
"978",-72.553706,41.280585,978,FALSE,"1","12003","12003.1"
"979",-72.553024,41.280584,979,FALSE,"1","12003","12003.1"
"980",-72.552896,41.280584,980,FALSE,"1","12003","12003.1"
"981",-72.552768,41.280583,981,FALSE,"1","12003","12003.1"
"982",-72.552566,41.280583,982,FALSE,"1","12003","12003.1"
"983",-72.552363,41.280583,983,FALSE,"1","12003","12003.1"
"984",-72.55202,41.280582,984,FALSE,"1","12003","12003.1"
"985",-72.551677,41.280582,985,FALSE,"1","12003","12003.1"
"986",-72.551585,41.280582,986,FALSE,"1","12003","12003.1"
"987",-72.551494,41.280582,987,FALSE,"1","12003","12003.1"
"988",-72.551342,41.280581,988,FALSE,"1","12003","12003.1"
"989",-72.551128,41.280583,989,FALSE,"1","12003","12003.1"
"990",-72.549282,41.281648,990,FALSE,"1","12003","12003.1"
"991",-72.54917,41.281713,991,FALSE,"1","12003","12003.1"
"992",-72.549108,41.281744,992,FALSE,"1","12003","12003.1"
"993",-72.549026,41.281788,993,FALSE,"1","12003","12003.1"
"994",-72.548924,41.28184,994,FALSE,"1","12003","12003.1"
"995",-72.548894,41.281855,995,FALSE,"1","12003","12003.1"
"996",-72.548879,41.281871,996,FALSE,"1","12003","12003.1"
"997",-72.548873,41.281892,997,FALSE,"1","12003","12003.1"
"998",-72.548762,41.281832,998,FALSE,"1","12003","12003.1"
"999",-72.548651,41.281772,999,FALSE,"1","12003","12003.1"
"1000",-72.54855,41.281718,1000,FALSE,"1","12003","12003.1"
"1001",-72.54845,41.281664,1001,FALSE,"1","12003","12003.1"
"1002",-72.548056,41.281452,1002,FALSE,"1","12003","12003.1"
"1003",-72.547662,41.281239,1003,FALSE,"1","12003","12003.1"
"1004",-72.547344,41.281067,1004,FALSE,"1","12003","12003.1"
"1005",-72.547025,41.280895,1005,FALSE,"1","12003","12003.1"
"1006",-72.546556,41.280642,1006,FALSE,"1","12003","12003.1"
"1007",-72.546087,41.280389,1007,FALSE,"1","12003","12003.1"
"1008",-72.545986,41.280335,1008,FALSE,"1","12003","12003.1"
"1009",-72.546042,41.280253,1009,FALSE,"1","12003","12003.1"
"1010",-72.546088,41.280184,1010,FALSE,"1","12003","12003.1"
"1011",-72.546103,41.28002,1011,FALSE,"1","12003","12003.1"
"1012",-72.546197,41.27986,1012,FALSE,"1","12003","12003.1"
"1013",-72.546336,41.279564,1013,FALSE,"1","12003","12003.1"
"1014",-72.546496,41.279388,1014,FALSE,"1","12003","12003.1"
"1015",-72.546805,41.278993,1015,FALSE,"1","12003","12003.1"
"1016",-72.547736,41.277809,1016,FALSE,"1","12003","12003.1"
"1017",-72.548046,41.277415,1017,FALSE,"1","12003","12003.1"
"1018",-72.547687,41.277126,1018,FALSE,"1","12003","12003.1"
"1019",-72.546609,41.276263,1019,FALSE,"1","12003","12003.1"
"1020",-72.546253,41.275977,1020,FALSE,"1","12003","12003.1"
"1021",-72.545782,41.275855,1021,FALSE,"1","12003","12003.1"
"1022",-72.545143,41.275476,1022,FALSE,"1","12003","12003.1"
"1023",-72.544991,41.275173,1023,FALSE,"1","12003","12003.1"
"1024",-72.544831,41.274851,1024,FALSE,"1","12003","12003.1"
"1025",-72.544813,41.274817,1025,FALSE,"1","12003","12003.1"
"1026",-72.544744,41.274683,1026,FALSE,"1","12003","12003.1"
"1027",-72.544339,41.273697,1027,FALSE,"1","12003","12003.1"
"1028",-72.544929,41.273404,1028,FALSE,"1","12003","12003.1"
"1029",-72.545001,41.273353,1029,FALSE,"1","12003","12003.1"
"1030",-72.545684,41.272658,1030,FALSE,"1","12003","12003.1"
"1031",-72.545721,41.272622,1031,FALSE,"1","12003","12003.1"
"1032",-72.546486,41.272123,1032,FALSE,"1","12003","12003.1"
"1033",-72.546782,41.271843,1033,FALSE,"1","12003","12003.1"
"1034",-72.547035,41.2716,1034,FALSE,"1","12003","12003.1"
"1035",-72.546842,41.270414,1035,FALSE,"1","12003","12003.1"
"1036",-72.546789,41.270089,1036,FALSE,"1","12003","12003.1"
"1037",-72.546775,41.270006,1037,FALSE,"1","12003","12003.1"
"1038",-72.546761,41.269923,1038,FALSE,"1","12003","12003.1"
"1039",-72.546646,41.269714,1039,FALSE,"1","12003","12003.1"
"1040",-72.546531,41.269506,1040,FALSE,"1","12003","12003.1"
"1041",-72.546557,41.269438,1041,FALSE,"1","12003","12003.1"
"1042",-72.546554,41.269348,1042,FALSE,"1","12003","12003.1"
"1043",-72.546549,41.269153,1043,FALSE,"1","12003","12003.1"
"1044",-72.546535,41.26907,1044,FALSE,"1","12003","12003.1"
"1045",-72.546548,41.268862,1045,FALSE,"1","12003","12003.1"
"1046",-72.54655,41.268834,1046,FALSE,"1","12003","12003.1"
"1047",-72.546503,41.268483,1047,FALSE,"1","12003","12003.1"
"1048",-72.546457,41.268131,1048,FALSE,"1","12003","12003.1"
"1049",-72.546387,41.267602,1049,FALSE,"1","12003","12003.1"
"1050",-72.54636,41.267398,1050,FALSE,"1","12003","12003.1"
"1051",-72.547655,41.264323,1051,FALSE,"1","12003","12003.1"
"1052",-72.547613,41.264146,1052,FALSE,"1","12003","12003.1"
"1053",-72.547434,41.263371,1053,FALSE,"1","12003","12003.1"
"1054",-72.547397,41.263212,1054,FALSE,"1","12003","12003.1"
"1055",-72.547359,41.263052,1055,FALSE,"1","12003","12003.1"
"1056",-72.547346,41.262996,1056,FALSE,"1","12003","12003.1"
"1057",-72.547333,41.262938,1057,FALSE,"1","12003","12003.1"
"1058",-72.547313,41.26285,1058,FALSE,"1","12003","12003.1"
"1059",-72.547254,41.262586,1059,FALSE,"1","12003","12003.1"
"1060",-72.547235,41.262499,1060,FALSE,"1","12003","12003.1"
"1061",-72.546727,41.261702,1061,FALSE,"1","12003","12003.1"
"1062",-72.546219,41.260904,1062,FALSE,"1","12003","12003.1"
"1063",-72.546186,41.260852,1063,FALSE,"1","12003","12003.1"
"1064",-72.546152,41.260799,1064,FALSE,"1","12003","12003.1"
"1065",-72.545837,41.260304,1065,FALSE,"1","12003","12003.1"
"1066",-72.545734,41.260238,1066,FALSE,"1","12003","12003.1"
"1067",-72.542168,41.258184,1067,FALSE,"1","12003","12003.1"
"1068",-72.54202,41.258099,1068,FALSE,"1","12003","12003.1"
"1069",-72.541873,41.258014,1069,FALSE,"1","12003","12003.1"
"1070",-72.536881,41.255129,1070,FALSE,"1","12003","12003.1"
"1071",-72.536134,41.254698,1071,FALSE,"1","12003","12003.1"
"1072",-72.535942,41.254592,1072,FALSE,"1","12003","12003.1"
"1073",-72.535294,41.25423,1073,FALSE,"1","12003","12003.1"
"1074",-72.533355,41.253151,1074,FALSE,"1","12003","12003.1"
"1075",-72.532709,41.252791,1075,FALSE,"1","12003","12003.1"
"1076",-72.533481,41.252568,1076,FALSE,"1","12003","12003.1"
"1077",-72.533995,41.25242,1077,FALSE,"1","12003","12003.1"
"1078",-72.533998,41.251918,1078,FALSE,"1","12003","12003.1"
"1079",-72.534009,41.250412,1079,FALSE,"1","12003","12003.1"
"1080",-72.535994,41.249463,1080,FALSE,"1","12003","12003.1"
"1081",-72.544567,41.246206,1081,FALSE,"1","12003","12003.1"
"1082",-72.562706,41.259299,1082,FALSE,"1","12003","12003.1"
"1083",-72.57164,41.26615,1083,FALSE,"1","12003","12003.1"
"1084",-72.581476,41.269949,1084,FALSE,"1","12003","12003.1"
"1085",-72.584746,41.269806,1085,FALSE,"1","12003","12003.1"
"1086",-72.586723,41.269006,1086,FALSE,"1","12003","12003.1"
"1087",-72.593488,41.268047,1087,FALSE,"1","12003","12003.1"
"1088",-72.596679,41.266799,1088,FALSE,"1","12003","12003.1"
"1089",-72.599232,41.263634,1089,FALSE,"1","12003","12003.1"
"1090",-72.603764,41.264641,1090,FALSE,"1","12003","12003.1"
"1091",-72.607848,41.267567,1091,FALSE,"1","12003","12003.1"
"1092",-72.612188,41.26915,1092,FALSE,"1","12003","12003.1"
"1093",-72.61889,41.270406,1093,FALSE,"1","12003","12003.1"
"1094",-72.624669,41.269861,1094,FALSE,"1","12003","12003.1"
"1095",-72.629552,41.266433,1095,FALSE,"1","12003","12003.1"
"1096",-72.638246,41.265344,1096,FALSE,"1","12003","12003.1"
"1097",-72.645812,41.264134,1097,FALSE,"1","12003","12003.1"
"1098",-72.651072,41.263932,1098,FALSE,"1","12003","12003.1"
"1099",-72.65375,41.264218,1099,FALSE,"1","12003","12003.1"
"1100",-72.654326,41.265286,1100,FALSE,"1","12003","12003.1"
"1101",-72.654507,41.265697,1101,FALSE,"1","12003","12003.1"
"1102",-72.654569,41.265863,1102,FALSE,"1","12003","12003.1"
"1103",-72.654643,41.266059,1103,FALSE,"1","12003","12003.1"
"1104",-72.654776,41.266354,1104,FALSE,"1","12003","12003.1"
"1105",-72.654837,41.266488,1105,FALSE,"1","12003","12003.1"
"1106",-72.65485,41.266517,1106,FALSE,"1","12003","12003.1"
"1107",-72.65577,41.268376,1107,FALSE,"1","12003","12003.1"
"1108",-72.656263,41.269373,1108,FALSE,"1","12003","12003.1"
"1109",-72.656563,41.269875,1109,FALSE,"1","12003","12003.1"
"1110",-72.656426,41.269909,1110,FALSE,"1","12003","12003.1"
"1111",-72.656327,41.269935,1111,FALSE,"1","12003","12003.1"
"1112",-72.655058,41.270276,1112,FALSE,"1","12003","12003.1"
"1113",-72.654541,41.270741,1113,FALSE,"1","12003","12003.1"
"1114",-72.654266,41.271252,1114,FALSE,"1","12003","12003.1"
"1115",-72.654374,41.27151,1115,FALSE,"1","12003","12003.1"
"1116",-72.65458,41.272002,1116,FALSE,"1","12003","12003.1"
"1117",-72.654861,41.272675,1117,FALSE,"1","12003","12003.1"
"1118",-72.654816,41.272797,1118,FALSE,"1","12003","12003.1"
"1119",-72.65436,41.273988,1119,FALSE,"1","12003","12003.1"
"1120",-72.653382,41.274345,1120,FALSE,"1","12003","12003.1"
"1121",-72.653272,41.274385,1121,FALSE,"1","12003","12003.1"
"1122",-72.653109,41.274444,1122,FALSE,"1","12003","12003.1"
"1123",-72.652965,41.274497,1123,FALSE,"1","12003","12003.1"
"1124",-72.652719,41.274587,1124,FALSE,"1","12003","12003.1"
"1125",-72.652155,41.274792,1125,FALSE,"1","12003","12003.1"
"1126",-72.64989,41.27444,1126,FALSE,"1","12003","12003.1"
"1127",-72.649689,41.27441,1127,FALSE,"1","12003","12003.1"
"1128",-72.64962,41.274471,1128,FALSE,"1","12003","12003.1"
"1129",-72.648796,41.275169,1129,FALSE,"1","12003","12003.1"
"1130",-72.647987,41.275902,1130,FALSE,"1","12003","12003.1"
"1131",-72.648155,41.27647,1131,FALSE,"1","12003","12003.1"
"1132",-72.648343,41.276988,1132,FALSE,"1","12003","12003.1"
"1133",-72.648621,41.277939,1133,FALSE,"1","12003","12003.1"
"1134",-72.648659,41.278019,1134,FALSE,"1","12003","12003.1"
"1135",-72.649277,41.279556,1135,FALSE,"1","12003","12003.1"
"1136",-72.649113,41.279682,1136,FALSE,"1","12003","12003.1"
"1137",-72.648623,41.280059,1137,FALSE,"1","12003","12003.1"
"1138",-72.648119,41.280447,1138,FALSE,"1","12003","12003.1"
"1139",-72.647789,41.280701,1139,FALSE,"1","12003","12003.1"
"1140",-72.647462,41.280847,1140,FALSE,"1","12003","12003.1"
"1141",-72.647185,41.280971,1141,FALSE,"1","12003","12003.1"
"1142",-72.646997,41.281055,1142,FALSE,"1","12003","12003.1"
"1143",-72.646847,41.281122,1143,FALSE,"1","12003","12003.1"
"1144",-72.646763,41.281029,1144,FALSE,"1","12003","12003.1"
"1145",-72.646602,41.280887,1145,FALSE,"1","12003","12003.1"
"1146",-72.646141,41.280453,1146,FALSE,"1","12003","12003.1"
"1147",-72.645882,41.280491,1147,FALSE,"1","12003","12003.1"
"1148",-72.645271,41.280605,1148,FALSE,"1","12003","12003.1"
"1149",-72.644707,41.280769,1149,FALSE,"1","12003","12003.1"
"1150",-72.644432,41.280933,1150,FALSE,"1","12003","12003.1"
"1151",-72.644412,41.28163,1151,FALSE,"1","12003","12003.1"
"1152",-72.644648,41.282195,1152,FALSE,"1","12003","12003.1"
"1153",-72.645042,41.282692,1153,FALSE,"1","12003","12003.1"
"1154",-72.646573,41.2839,1154,FALSE,"1","12003","12003.1"
"1155",-72.646697,41.284197,1155,FALSE,"1","12003","12003.1"
"1156",-72.646988,41.284896,1156,FALSE,"1","12003","12003.1"
"1157",-72.647278,41.285594,1157,FALSE,"1","12003","12003.1"
"1158",-72.647409,41.285943,1158,FALSE,"1","12003","12003.1"
"1159",-72.647246,41.286327,1159,FALSE,"1","12003","12003.1"
"1160",-72.647127,41.286566,1160,FALSE,"1","12003","12003.1"
"1161",-72.646754,41.286617,1161,FALSE,"1","12003","12003.1"
"1162",-72.646233,41.286696,1162,FALSE,"1","12003","12003.1"
"1163",-72.646092,41.286799,1163,FALSE,"1","12003","12003.1"
"1164",-72.645973,41.287205,1164,FALSE,"1","12003","12003.1"
"1165",-72.646092,41.287438,1165,FALSE,"1","12003","12003.1"
"1166",-72.646525,41.287666,1166,FALSE,"1","12003","12003.1"
"1167",-72.647225,41.288013,1167,FALSE,"1","12003","12003.1"
"1168",-72.647656,41.288221,1168,FALSE,"1","12003","12003.1"
"1169",-72.647782,41.288251,1169,FALSE,"1","12003","12003.1"
"1170",-72.648162,41.288342,1170,FALSE,"1","12003","12003.1"
"1171",-72.648289,41.288373,1171,FALSE,"1","12003","12003.1"
"1172",-72.648387,41.288473,1172,FALSE,"1","12003","12003.1"
"1173",-72.648464,41.288551,1173,FALSE,"1","12003","12003.1"
"1174",-72.648651,41.288722,1174,FALSE,"1","12003","12003.1"
"1175",-72.648687,41.288768,1175,FALSE,"1","12003","12003.1"
"1176",-72.648775,41.288878,1176,FALSE,"1","12003","12003.1"
"1177",-72.648826,41.288946,1177,FALSE,"1","12003","12003.1"
"1178",-72.648923,41.289073,1178,FALSE,"1","12003","12003.1"
"1179",-72.64899,41.289143,1179,FALSE,"1","12003","12003.1"
"1180",-72.64905,41.289206,1180,FALSE,"1","12003","12003.1"
"1181",-72.648944,41.289225,1181,FALSE,"1","12003","12003.1"
"1182",-72.648629,41.289285,1182,FALSE,"1","12003","12003.1"
"1183",-72.648524,41.289305,1183,FALSE,"1","12003","12003.1"
"1184",-72.648306,41.289384,1184,FALSE,"1","12003","12003.1"
"1185",-72.648088,41.289462,1185,FALSE,"1","12003","12003.1"
"1186",-72.6477,41.289602,1186,FALSE,"1","12003","12003.1"
"1187",-72.647307,41.289744,1187,FALSE,"1","12003","12003.1"
"1188",-72.647098,41.28982,1188,FALSE,"1","12003","12003.1"
"1189",-72.646894,41.289705,1189,FALSE,"1","12003","12003.1"
"1190",-72.646426,41.28944,1190,FALSE,"1","12003","12003.1"
"1191",-72.645958,41.289176,1191,FALSE,"1","12003","12003.1"
"1192",-72.645838,41.289108,1192,FALSE,"1","12003","12003.1"
"1193",-72.645717,41.28904,1193,FALSE,"1","12003","12003.1"
"1194",-72.645623,41.288987,1194,FALSE,"1","12003","12003.1"
"1195",-72.645603,41.289004,1195,FALSE,"1","12003","12003.1"
"1196",-72.645322,41.289238,1196,FALSE,"1","12003","12003.1"
"1197",-72.645041,41.289473,1197,FALSE,"1","12003","12003.1"
"1198",-72.644973,41.289533,1198,FALSE,"1","12003","12003.1"
"1199",-72.644831,41.290255,1199,FALSE,"1","12003","12003.1"
"1200",-72.644798,41.290421,1200,FALSE,"1","12003","12003.1"
"1201",-72.64468,41.290573,1201,FALSE,"1","12003","12003.1"
"1202",-72.64467,41.290585,1202,FALSE,"1","12003","12003.1"
"1203",-72.64439,41.290947,1203,FALSE,"1","12003","12003.1"
"1204",-72.6441,41.29132,1204,FALSE,"1","12003","12003.1"
"1205",-72.643988,41.291464,1205,FALSE,"1","12003","12003.1"
"1206",-72.643877,41.291607,1206,FALSE,"1","12003","12003.1"
"1207",-72.643528,41.291886,1207,FALSE,"1","12003","12003.1"
"1208",-72.642483,41.292723,1208,FALSE,"1","12003","12003.1"
"1209",-72.642135,41.293003,1209,FALSE,"1","12003","12003.1"
"1210",-72.641839,41.293231,1210,FALSE,"1","12003","12003.1"
"1211",-72.640954,41.293918,1211,FALSE,"1","12003","12003.1"
"1212",-72.640659,41.294147,1212,FALSE,"1","12003","12003.1"
"1213",-72.639541,41.294935,1213,FALSE,"1","12003","12003.1"
"1214",-72.639265,41.295128,1214,FALSE,"1","12003","12003.1"
"1215",-72.639178,41.29519,1215,FALSE,"1","12003","12003.1"
"1216",-72.634736,41.298317,1216,FALSE,"1","12003","12003.1"
"1217",-72.633256,41.29936,1217,FALSE,"1","12003","12003.1"
"1218",-72.633351,41.300207,1218,FALSE,"1","12003","12003.1"
"1219",-72.633581,41.302257,1219,FALSE,"1","12003","12003.1"
"1220",-72.63357,41.302322,1220,FALSE,"1","12003","12003.1"
"1221",-72.633665,41.302741,1221,FALSE,"1","12003","12003.1"
"1222",-72.633854,41.303573,1222,FALSE,"1","12003","12003.1"
"1223",-72.633937,41.303705,1223,FALSE,"1","12003","12003.1"
"1224",-72.63395,41.303781,1224,FALSE,"1","12003","12003.1"
"1225",-72.633973,41.303909,1225,FALSE,"1","12003","12003.1"
"1226",-72.633928,41.304047,1226,FALSE,"1","12003","12003.1"
"1227",-72.633813,41.304167,1227,FALSE,"1","12003","12003.1"
"1228",-72.6336,41.304317,1228,FALSE,"1","12003","12003.1"
"1229",-72.633565,41.304342,1229,FALSE,"1","12003","12003.1"
"1230",-72.633543,41.304431,1230,FALSE,"1","12003","12003.1"
"1231",-72.633541,41.30453,1231,FALSE,"1","12003","12003.1"
"1232",-72.633537,41.304693,1232,FALSE,"1","12003","12003.1"
"1233",-72.633535,41.304845,1233,FALSE,"1","12003","12003.1"
"1234",-72.633319,41.305109,1234,FALSE,"1","12003","12003.1"
"1235",-72.633251,41.305258,1235,FALSE,"1","12003","12003.1"
"1236",-72.632945,41.305216,1236,FALSE,"1","12003","12003.1"
"1237",-72.632895,41.305274,1237,FALSE,"1","12003","12003.1"
"1238",-72.632865,41.305366,1238,FALSE,"1","12003","12003.1"
"1239",-72.632792,41.3056,1239,FALSE,"1","12003","12003.1"
"1240",-72.632719,41.30577,1240,FALSE,"1","12003","12003.1"
"1241",-72.632646,41.306111,1241,FALSE,"1","12003","12003.1"
"1242",-72.632734,41.306504,1242,FALSE,"1","12003","12003.1"
"1243",-72.632704,41.306648,1243,FALSE,"1","12003","12003.1"
"1244",-72.632752,41.306755,1244,FALSE,"1","12003","12003.1"
"1245",-72.63277,41.306793,1245,FALSE,"1","12003","12003.1"
"1246",-72.632696,41.307228,1246,FALSE,"1","12003","12003.1"
"1247",-72.63274,41.307315,1247,FALSE,"1","12003","12003.1"
"1248",-72.632914,41.307508,1248,FALSE,"1","12003","12003.1"
"1249",-72.6329,41.307633,1249,FALSE,"1","12003","12003.1"
"1250",-72.632747,41.307689,1250,FALSE,"1","12003","12003.1"
"1251",-72.632594,41.307717,1251,FALSE,"1","12003","12003.1"
"1252",-72.632536,41.307761,1252,FALSE,"1","12003","12003.1"
"1253",-72.632404,41.307984,1253,FALSE,"1","12003","12003.1"
"1254",-72.632387,41.308002,1254,FALSE,"1","12003","12003.1"
"1255",-72.632324,41.308076,1255,FALSE,"1","12003","12003.1"
"1256",-72.632245,41.308115,1256,FALSE,"1","12003","12003.1"
"1257",-72.632055,41.308391,1257,FALSE,"1","12003","12003.1"
"1258",-72.631844,41.308648,1258,FALSE,"1","12003","12003.1"
"1259",-72.631792,41.308836,1259,FALSE,"1","12003","12003.1"
"1260",-72.631777,41.309169,1260,FALSE,"1","12003","12003.1"
"1261",-72.631712,41.309325,1261,FALSE,"1","12003","12003.1"
"1262",-72.63174,41.309447,1262,FALSE,"1","12003","12003.1"
"1263",-72.631886,41.309603,1263,FALSE,"1","12003","12003.1"
"1264",-72.632185,41.309879,1264,FALSE,"1","12003","12003.1"
"1265",-72.632359,41.310086,1265,FALSE,"1","12003","12003.1"
"1266",-72.632497,41.310111,1266,FALSE,"1","12003","12003.1"
"1267",-72.632687,41.310115,1267,FALSE,"1","12003","12003.1"
"1268",-72.632803,41.310185,1268,FALSE,"1","12003","12003.1"
"1269",-72.632999,41.310374,1269,FALSE,"1","12003","12003.1"
"1270",-72.63307,41.310527,1270,FALSE,"1","12003","12003.1"
"1271",-72.633123,41.310642,1271,FALSE,"1","12003","12003.1"
"1272",-72.633203,41.31108,1272,FALSE,"1","12003","12003.1"
"1273",-72.633355,41.3113,1273,FALSE,"1","12003","12003.1"
"1274",-72.633493,41.311374,1274,FALSE,"1","12003","12003.1"
"1275",-72.633653,41.311405,1275,FALSE,"1","12003","12003.1"
"1276",-72.633784,41.311511,1276,FALSE,"1","12003","12003.1"
"1277",-72.633886,41.311734,1277,FALSE,"1","12003","12003.1"
"1278",-72.634089,41.311972,1278,FALSE,"1","12003","12003.1"
"1279",-72.63425,41.312016,1279,FALSE,"1","12003","12003.1"
"1280",-72.634351,41.312099,1280,FALSE,"1","12003","12003.1"
"1281",-72.634344,41.312342,1281,FALSE,"1","12003","12003.1"
"1282",-72.634271,41.312471,1282,FALSE,"1","12003","12003.1"
"1283",-72.6343,41.312602,1283,FALSE,"1","12003","12003.1"
"1284",-72.634286,41.312719,1284,FALSE,"1","12003","12003.1"
"1285",-72.634366,41.312802,1285,FALSE,"1","12003","12003.1"
"1286",-72.634424,41.312826,1286,FALSE,"1","12003","12003.1"
"1287",-72.634628,41.312843,1287,FALSE,"1","12003","12003.1"
"1288",-72.635246,41.312708,1288,FALSE,"1","12003","12003.1"
"1289",-72.6354,41.31272,1289,FALSE,"1","12003","12003.1"
"1290",-72.635584,41.312876,1290,FALSE,"1","12003","12003.1"
"1291",-72.63572,41.312992,1291,FALSE,"1","12003","12003.1"
"1292",-72.635793,41.313106,1292,FALSE,"1","12003","12003.1"
"1293",-72.63585,41.3134,1293,FALSE,"1","12003","12003.1"
"1294",-72.635864,41.313553,1294,FALSE,"1","12003","12003.1"
"1295",-72.63585,41.313603,1295,FALSE,"1","12003","12003.1"
"1296",-72.635858,41.313718,1296,FALSE,"1","12003","12003.1"
"1297",-72.635864,41.313783,1297,FALSE,"1","12003","12003.1"
"1298",-72.636003,41.314007,1298,FALSE,"1","12003","12003.1"
"1299",-72.636156,41.314113,1299,FALSE,"1","12003","12003.1"
"1300",-72.636235,41.3142,1300,FALSE,"1","12003","12003.1"
"1301",-72.636301,41.314341,1301,FALSE,"1","12003","12003.1"
"1302",-72.63622,41.314533,1302,FALSE,"1","12003","12003.1"
"1303",-72.636184,41.31474,1303,FALSE,"1","12003","12003.1"
"1304",-72.636351,41.315022,1304,FALSE,"1","12003","12003.1"
"1305",-72.636373,41.315126,1305,FALSE,"1","12003","12003.1"
"1306",-72.635987,41.315231,1306,FALSE,"1","12003","12003.1"
"1307",-72.635943,41.315257,1307,FALSE,"1","12003","12003.1"
"1308",-72.635914,41.315315,1308,FALSE,"1","12003","12003.1"
"1309",-72.635943,41.315496,1309,FALSE,"1","12003","12003.1"
"1310",-72.636139,41.315842,1310,FALSE,"1","12003","12003.1"
"1311",-72.636146,41.316,1311,FALSE,"1","12003","12003.1"
"1312",-72.636299,41.316314,1312,FALSE,"1","12003","12003.1"
"1313",-72.636423,41.316447,1313,FALSE,"1","12003","12003.1"
"1314",-72.636518,41.316489,1314,FALSE,"1","12003","12003.1"
"1315",-72.636794,41.316644,1315,FALSE,"1","12003","12003.1"
"1316",-72.637041,41.316671,1316,FALSE,"1","12003","12003.1"
"1317",-72.637325,41.316781,1317,FALSE,"1","12003","12003.1"
"1318",-72.637406,41.316859,1318,FALSE,"1","12003","12003.1"
"1319",-72.637441,41.317022,1319,FALSE,"1","12003","12003.1"
"1320",-72.637587,41.317196,1320,FALSE,"1","12003","12003.1"
"1321",-72.63774,41.317312,1321,FALSE,"1","12003","12003.1"
"1322",-72.637798,41.317448,1322,FALSE,"1","12003","12003.1"
"1323",-72.637907,41.317653,1323,FALSE,"1","12003","12003.1"
"1324",-72.638278,41.318025,1324,FALSE,"1","12003","12003.1"
"1325",-72.638402,41.318073,1325,FALSE,"1","12003","12003.1"
"1326",-72.638504,41.318084,1326,FALSE,"1","12003","12003.1"
"1327",-72.6387,41.318124,1327,FALSE,"1","12003","12003.1"
"1328",-72.63902,41.318302,1328,FALSE,"1","12003","12003.1"
"1329",-72.639057,41.318302,1329,FALSE,"1","12003","12003.1"
"1330",-72.639246,41.318243,1330,FALSE,"1","12003","12003.1"
"1331",-72.639413,41.318197,1331,FALSE,"1","12003","12003.1"
"1332",-72.639501,41.318239,1332,FALSE,"1","12003","12003.1"
"1333",-72.639654,41.318405,1333,FALSE,"1","12003","12003.1"
"1334",-72.639748,41.318416,1334,FALSE,"1","12003","12003.1"
"1335",-72.64004,41.318395,1335,FALSE,"1","12003","12003.1"
"1336",-72.640148,41.318446,1336,FALSE,"1","12003","12003.1"
"1337",-72.640447,41.318673,1337,FALSE,"1","12003","12003.1"
"1338",-72.64081,41.319032,1338,FALSE,"1","12003","12003.1"
"1339",-72.640826,41.319086,1339,FALSE,"1","12003","12003.1"
"1340",-72.641109,41.319448,1340,FALSE,"1","12003","12003.1"
"1341",-72.641189,41.319621,1341,FALSE,"1","12003","12003.1"
"1342",-72.641291,41.319681,1342,FALSE,"1","12003","12003.1"
"1343",-72.641531,41.319799,1343,FALSE,"1","12003","12003.1"
"1344",-72.641807,41.320205,1344,FALSE,"1","12003","12003.1"
"1345",-72.642003,41.32034,1345,FALSE,"1","12003","12003.1"
"1346",-72.642011,41.320399,1346,FALSE,"1","12003","12003.1"
"1347",-72.64177,41.320871,1347,FALSE,"1","12003","12003.1"
"1348",-72.641843,41.321296,1348,FALSE,"1","12003","12003.1"
"1349",-72.641932,41.321549,1349,FALSE,"1","12003","12003.1"
"1350",-72.642024,41.321808,1350,FALSE,"1","12003","12003.1"
"1351",-72.642068,41.321863,1351,FALSE,"1","12003","12003.1"
"1352",-72.642235,41.321984,1352,FALSE,"1","12003","12003.1"
"1353",-72.642257,41.322124,1353,FALSE,"1","12003","12003.1"
"1354",-72.642395,41.322298,1354,FALSE,"1","12003","12003.1"
"1355",-72.642373,41.322468,1355,FALSE,"1","12003","12003.1"
"1356",-72.642431,41.322555,1356,FALSE,"1","12003","12003.1"
"1357",-72.642569,41.322657,1357,FALSE,"1","12003","12003.1"
"1358",-72.642788,41.322738,1358,FALSE,"1","12003","12003.1"
"1359",-72.642992,41.322783,1359,FALSE,"1","12003","12003.1"
"1360",-72.643298,41.322717,1360,FALSE,"1","12003","12003.1"
"1361",-72.644106,41.322756,1361,FALSE,"1","12003","12003.1"
"1362",-72.644222,41.322732,1362,FALSE,"1","12003","12003.1"
"1363",-72.644331,41.322689,1363,FALSE,"1","12003","12003.1"
"1364",-72.644346,41.322558,1364,FALSE,"1","12003","12003.1"
"1365",-72.64439,41.322496,1365,FALSE,"1","12003","12003.1"
"1366",-72.644747,41.322657,1366,FALSE,"1","12003","12003.1"
"1367",-72.644967,41.32278,1367,FALSE,"1","12003","12003.1"
"1368",-72.6453,41.322965,1368,FALSE,"1","12003","12003.1"
"1369",-72.645227,41.323058,1369,FALSE,"1","12003","12003.1"
"1370",-72.645161,41.323224,1370,FALSE,"1","12003","12003.1"
"1371",-72.645074,41.323974,1371,FALSE,"1","12003","12003.1"
"1372",-72.645095,41.324028,1372,FALSE,"1","12003","12003.1"
"1373",-72.645234,41.324112,1373,FALSE,"1","12003","12003.1"
"1374",-72.645801,41.324281,1374,FALSE,"1","12003","12003.1"
"1375",-72.646049,41.324242,1375,FALSE,"1","12003","12003.1"
"1376",-72.646267,41.324219,1376,FALSE,"1","12003","12003.1"
"1377",-72.646406,41.324303,1377,FALSE,"1","12003","12003.1"
"1378",-72.646442,41.324362,1378,FALSE,"1","12003","12003.1"
"1379",-72.646519,41.324514,1379,FALSE,"1","12003","12003.1"
"1380",-72.646631,41.324735,1380,FALSE,"1","12003","12003.1"
"1381",-72.646711,41.324813,1381,FALSE,"1","12003","12003.1"
"1382",-72.646747,41.324882,1382,FALSE,"1","12003","12003.1"
"1383",-72.646936,41.325039,1383,FALSE,"1","12003","12003.1"
"1384",-72.646987,41.325085,1384,FALSE,"1","12003","12003.1"
"1385",-72.64725,41.325257,1385,FALSE,"1","12003","12003.1"
"1386",-72.647424,41.325441,1386,FALSE,"1","12003","12003.1"
"1387",-72.647555,41.325533,1387,FALSE,"1","12003","12003.1"
"1388",-72.648072,41.325751,1388,FALSE,"1","12003","12003.1"
"1389",-72.648188,41.325785,1389,FALSE,"1","12003","12003.1"
"1390",-72.648523,41.325927,1390,FALSE,"1","12003","12003.1"
"1391",-72.648712,41.326079,1391,FALSE,"1","12003","12003.1"
"1392",-72.649069,41.326271,1392,FALSE,"1","12003","12003.1"
"1393",-72.649498,41.326375,1393,FALSE,"1","12003","12003.1"
"1394",-72.649644,41.326427,1394,FALSE,"1","12003","12003.1"
"1395",-72.650183,41.326501,1395,FALSE,"1","12003","12003.1"
"1396",-72.650372,41.326582,1396,FALSE,"1","12003","12003.1"
"1397",-72.650474,41.326683,1397,FALSE,"1","12003","12003.1"
"1398",-72.650583,41.32696,1398,FALSE,"1","12003","12003.1"
"1399",-72.650619,41.327258,1399,FALSE,"1","12003","12003.1"
"1400",-72.650515,41.327548,1400,FALSE,"1","12003","12003.1"
"1401",-72.650444,41.327745,1401,FALSE,"1","12003","12003.1"
"1402",-72.650437,41.328236,1402,FALSE,"1","12003","12003.1"
"1403",-72.650473,41.32839,1403,FALSE,"1","12003","12003.1"
"1404",-72.650677,41.328421,1404,FALSE,"1","12003","12003.1"
"1405",-72.651106,41.328718,1405,FALSE,"1","12003","12003.1"
"1406",-72.65147,41.328865,1406,FALSE,"1","12003","12003.1"
"1407",-72.651674,41.329153,1407,FALSE,"1","12003","12003.1"
"1408",-72.651914,41.329266,1408,FALSE,"1","12003","12003.1"
"1409",-72.652321,41.329422,1409,FALSE,"1","12003","12003.1"
"1410",-72.652497,41.329534,1410,FALSE,"1","12003","12003.1"
"1411",-72.65254,41.329603,1411,FALSE,"1","12003","12003.1"
"1412",-72.652911,41.329822,1412,FALSE,"1","12003","12003.1"
"1413",-72.652938,41.32983,1413,FALSE,"1","12003","12003.1"
"1414",-72.653268,41.329937,1414,FALSE,"1","12003","12003.1"
"1415",-72.65396,41.330194,1415,FALSE,"1","12003","12003.1"
"1416",-72.654011,41.330272,1416,FALSE,"1","12003","12003.1"
"1417",-72.654498,41.330458,1417,FALSE,"1","12003","12003.1"
"1418",-72.654891,41.330668,1418,FALSE,"1","12003","12003.1"
"1419",-72.654928,41.330696,1419,FALSE,"1","12003","12003.1"
"1420",-72.654986,41.330711,1420,FALSE,"1","12003","12003.1"
"1421",-72.655212,41.330954,1421,FALSE,"1","12003","12003.1"
"1422",-72.655233,41.331036,1422,FALSE,"1","12003","12003.1"
"1423",-72.655242,41.3311,1423,FALSE,"1","12003","12003.1"
"1424",-72.655248,41.331148,1424,FALSE,"1","12003","12003.1"
"1425",-72.655386,41.331178,1425,FALSE,"1","12003","12003.1"
"1426",-72.655446,41.331223,1426,FALSE,"1","12003","12003.1"
"1427",-72.655486,41.331335,1427,FALSE,"1","12003","12003.1"
"1428",-72.656078,41.331125,1428,FALSE,"1","12003","12003.1"
"1429",-72.657855,41.330499,1429,FALSE,"1","12003","12003.1"
"1430",-72.658448,41.330291,1430,FALSE,"1","12003","12003.1"
"1431",-72.658501,41.33035,1431,FALSE,"1","12003","12003.1"
"1432",-72.658571,41.33039,1432,FALSE,"1","12003","12003.1"
"1433",-72.658743,41.330517,1433,FALSE,"1","12003","12003.1"
"1434",-72.658932,41.330588,1434,FALSE,"1","12003","12003.1"
"1435",-72.658997,41.330598,1435,FALSE,"1","12003","12003.1"
"1436",-72.659156,41.330624,1436,FALSE,"1","12003","12003.1"
"1437",-72.659347,41.330642,1437,FALSE,"1","12003","12003.1"
"1438",-72.659644,41.330716,1438,FALSE,"1","12003","12003.1"
"1439",-72.659898,41.330809,1439,FALSE,"1","12003","12003.1"
"1440",-72.660209,41.330999,1440,FALSE,"1","12003","12003.1"
"1441",-72.660575,41.331287,1441,FALSE,"1","12003","12003.1"
"1442",-72.660632,41.331332,1442,FALSE,"1","12003","12003.1"
"1443",-72.661153,41.331855,1443,FALSE,"1","12003","12003.1"
"1444",-72.66131,41.332012,1444,FALSE,"1","12003","12003.1"
"1445",-72.661579,41.332194,1445,FALSE,"1","12003","12003.1"
"1446",-72.662025,41.332415,1446,FALSE,"1","12003","12003.1"
"1447",-72.662295,41.332593,1447,FALSE,"1","12003","12003.1"
"1448",-72.662678,41.332759,1448,FALSE,"1","12003","12003.1"
"1449",-72.66299,41.332921,1449,FALSE,"1","12003","12003.1"
"1450",-72.663116,41.333075,1450,FALSE,"1","12003","12003.1"
"1451",-72.66322,41.333292,1451,FALSE,"1","12003","12003.1"
"1452",-72.663316,41.333633,1452,FALSE,"1","12003","12003.1"
"1453",-72.663381,41.333761,1453,FALSE,"1","12003","12003.1"
"1454",-72.663477,41.333841,1454,FALSE,"1","12003","12003.1"
"1455",-72.663907,41.334245,1455,FALSE,"1","12003","12003.1"
"1456",-72.664053,41.334375,1456,FALSE,"1","12003","12003.1"
"1457",-72.664127,41.334441,1457,FALSE,"1","12003","12003.1"
"1458",-72.664305,41.334616,1458,FALSE,"1","12003","12003.1"
"1459",-72.6647,41.334977,1459,FALSE,"1","12003","12003.1"
"1460",-72.664817,41.335103,1460,FALSE,"1","12003","12003.1"
"1461",-72.66499,41.335233,1461,FALSE,"1","12003","12003.1"
"1462",-72.665285,41.335375,1462,FALSE,"1","12003","12003.1"
"1463",-72.665597,41.335848,1463,FALSE,"1","12003","12003.1"
"1464",-72.665868,41.33624,1464,FALSE,"1","12003","12003.1"
"1465",-72.666681,41.337416,1465,FALSE,"1","12003","12003.1"
"1466",-72.666952,41.337809,1466,FALSE,"1","12003","12003.1"
"1467",-72.667229,41.338102,1467,FALSE,"1","12003","12003.1"
"1468",-72.668061,41.338984,1468,FALSE,"1","12003","12003.1"
"1469",-72.668339,41.339278,1469,FALSE,"1","12003","12003.1"
"1470",-72.669063,41.340283,1470,FALSE,"1","12003","12003.1"
"1471",-72.671238,41.343299,1471,FALSE,"1","12003","12003.1"
"1472",-72.671551,41.343733,1472,FALSE,"1","12003","12003.1"
"1473",-72.671897,41.344348,1473,FALSE,"1","12003","12003.1"
"1474",-72.672205,41.34487,1474,FALSE,"1","12003","12003.1"
"1475",-72.672286,41.34498,1475,FALSE,"1","12003","12003.1"
"1476",-72.673613,41.346774,1476,FALSE,"1","12003","12003.1"
"1477",-72.674056,41.347373,1477,FALSE,"1","12003","12003.1"
"1478",-72.674899,41.348485,1478,FALSE,"1","12003","12003.1"
"1479",-72.674961,41.348566,1479,FALSE,"1","12003","12003.1"
"1480",-72.676014,41.35159,1480,FALSE,"1","12003","12003.1"
"1481",-72.676018,41.352476,1481,FALSE,"1","12003","12003.1"
"1482",-72.676023,41.353431,1482,FALSE,"1","12003","12003.1"
"1483",-72.676172,41.353847,1483,FALSE,"1","12003","12003.1"
"1484",-72.676526,41.354559,1484,FALSE,"1","12003","12003.1"
"1485",-72.676567,41.354737,1485,FALSE,"1","12003","12003.1"
"1486",-72.677138,41.35531,1486,FALSE,"1","12003","12003.1"
"1487",-72.677346,41.355824,1487,FALSE,"1","12003","12003.1"
"1488",-72.677703,41.356522,1488,FALSE,"1","12003","12003.1"
"1489",-72.678154,41.357403,1489,FALSE,"1","12003","12003.1"
"1490",-72.678268,41.358069,1490,FALSE,"1","12003","12003.1"
"1491",-72.678421,41.358954,1491,FALSE,"1","12003","12003.1"
"1492",-72.678434,41.35903,1492,FALSE,"1","12003","12003.1"
"1493",-72.678447,41.359105,1493,FALSE,"1","12003","12003.1"
"1494",-72.678524,41.359551,1494,FALSE,"1","12003","12003.1"
"1495",-72.678616,41.360087,1495,FALSE,"1","12003","12003.1"
"1496",-72.678649,41.36041,1496,FALSE,"1","12003","12003.1"
"1497",-72.678303,41.369626,1497,FALSE,"1","12003","12003.1"
"1498",-72.67822,41.371856,1498,FALSE,"1","12003","12003.1"
"1499",-72.678622,41.37344,1499,FALSE,"1","12003","12003.1"
"1500",-72.678772,41.374329,1500,FALSE,"1","12003","12003.1"
"1501",-72.679028,41.375846,1501,FALSE,"1","12003","12003.1"
"1502",-72.679155,41.376617,1502,FALSE,"1","12003","12003.1"
"1503",-72.679179,41.376768,1503,FALSE,"1","12003","12003.1"
"1504",-72.679671,41.37976,1504,FALSE,"1","12003","12003.1"
"1505",-72.679412,41.386846,1505,FALSE,"1","12003","12003.1"
